crash_id,county,region,highway_name,highway_class,intersection_rel,special_feature_1,special_feature_2,severity_level,visual_injured_num,fatal_num,suspected_serious_injured_num,non_incapacitated_injured_num,possibly_injured_num,crash_type,main_crash_type,latitude,longitude,year,date,time,number_of_vehicles,number_of_commercial_vehicles,work_zone,railroad_crossing,alcohol,drug,Alcohol or Drug,weather_condition,lighting_condition,road_condition,manner_of_collision,pedestrians_num,roadway_departure,cross_centerline,hit_and_run,emergency_vehicle_use,unit_type,vehicle_type,age,sex,driver_of_vehicle,injury_severity,person_condition,restraint_use,older_driver,teen_driver,Sleepy/Ill/Dizzy Driver,unsafe_unlaw_category,unsafe_unlaw_desc,Abnormal Traffic Control,Alcohol-DUI/DWI,Animal in Roadway,Apparently Sleepy,Avoiding Other Vehicle,Avoiding Pedestrian,Changed Lanes Unsafely,Deer in Roadway,Defect in Roadway,Disregarded Warning Signal,Domestic Animal in Roadway,Drug-DUI,Failed to Secure Load,Failed to Signal,Failed to Stop,Failed to Yield,Followed too Closely,Improper Backing,Improper Bicyclist Action,Improper Overtaking,Improper Parking,Improper Start From,Improper Turn,Improper Use of Lane,Distraction,Left of Center,No Improper Action by Driver,Object/Debris in Roadway,Other Improper Act/Movement,Pedestrian Action,Stopped in Traffic Lane,Speeding,Unsafe Vehicle,Wrong Way,Bad Weather,Bad Lighting,Bad Road Condition
193190863,Washington,northern,US-60,US Route,1,0.0,0.0,possible_injury,0.0,0,0.0,0.0,1.0,PEDESTRIAN,PEDESTRIAN,36.72798053,-95.91720825,2019,2019-10-28,7.22,1,0,N,       ,N,N,0,Cloudy,Dark / Lighted,1.0,30,1,No Roadway Departure,0,N,0.0,D,2.0,51.0,M,Y,0.0,Apparently Normal,4.0,0,0,0,Inattention,Other,0,0,0,0,0,0,0,0,0,0,0,0,0,0,0,0,0,0,0,0,0,0,0,0,1,0,0,0,0,0,0,0,0,0,0,0,0
193190871,Washington,northern,US-75,US Route,1,0.0,0.0,property_damage,0.0,0,0.0,0.0,0.0,REAR-END,REAR-END,36.70574728,-95.93514458,2019,2019-10-23,16.4,4,0,N,       ,N,N,0,Clear,Daylight,1.0,2,0,No Roadway Departure,0,N,0.0,D,2.0,29.0,M,Y,0.0,Sleepy,4.0,0,0,1,Inattention,Other Distraction Inside Vehicle,0,0,0,0,0,0,0,0,0,0,0,0,0,0,0,0,0,0,0,0,0,0,0,0,1,0,0,0,0,0,0,0,0,0,0,0,0
193190873,Washington,northern,US-60,US Route,1,0.0,0.0,property_damage,0.0,0,0.0,0.0,0.0,REAR-END,REAR-END,36.74729938,-95.99030958,2019,2019-10-21,13.4,3,0,N,       ,N,N,0,Clear,Daylight,1.0,2,0,No Roadway Departure,0,N,0.0,D,21.0,75.0,M,Y,1.0,Apparently Normal,4.0,1,0,0,Inattention,Other Distraction Inside Vehicle,0,0,0,0,0,0,0,0,0,0,0,0,0,0,0,0,0,0,0,0,0,0,0,0,1,0,0,0,0,0,0,0,0,0,0,0,0
193190893,Washington,northern,US-75,US Route,0,1.0,0.0,non_incapacitating_injury,1.0,0,0.0,1.0,0.0,ANGLE-TURNING,ANGLE-TURNING,36.72314796,-95.93517678,2019,2019-10-03,14.36,2,0,N,       ,N,N,0,Clear,Daylight,1.0,13,0,No Roadway Departure,0,N,0.0,D,2.0,30.0,F,Y,1.0,Apparently Normal,4.0,0,0,0,Inattention,Other,0,0,0,0,0,0,0,0,0,0,0,0,0,0,0,0,0,0,0,0,0,0,0,0,1,0,0,0,0,0,0,0,0,0,0,0,0
193191021,Rogers,northern,SH-66,State Highway,1,0.0,0.0,property_damage,0.0,0,0.0,0.0,0.0,REAR-END,REAR-END,36.26404439,-95.65271973,2019,2019-11-08,14.52,2,0,N,       ,N,N,0,Clear,Daylight,1.0,2,0,No Roadway Departure,0,N,0.0,D,4.0,49.0,M,Y,1.0,Apparently Normal,4.0,0,0,0,Inattention,Distraction from Outside Vehicle,0,0,0,0,0,0,0,0,0,0,0,0,0,0,0,0,0,0,0,0,0,0,0,0,1,0,0,0,0,0,0,0,0,0,0,0,0
193234571,Adair,southern,SH-51,State Highway,0,0.0,0.0,property_damage,0.0,0,0.0,0.0,0.0,REAR-END,REAR-END,35.82664072,-94.62554531,2019,2019-07-19,16.35,2,0,N,       ,N,N,0,Clear,Daylight,1.0,2,0,No Roadway Departure,0,N,0.0,D,4.0,60.0,M,Y,1.0,Apparently Normal,4.0,0,0,0,Inattention,Other,0,0,0,0,0,0,0,0,0,0,0,0,0,0,0,0,0,0,0,0,0,0,0,0,1,0,0,0,0,0,0,0,0,0,0,0,0
193234572,Adair,southern,SH-51,State Highway,0,1.0,0.0,property_damage,0.0,0,0.0,0.0,0.0,REAR-END,REAR-END,35.82663586,-94.62447653,2019,2019-07-24,8.52,2,0,N,       ,N,N,0,Clear,Daylight,1.0,4,0,No Roadway Departure,0,N,0.0,D,2.0,48.0,F,Y,1.0,Apparently Normal,4.0,0,0,0,Inattention,Other,0,0,0,0,0,0,0,0,0,0,0,0,0,0,0,0,0,0,0,0,0,0,0,0,1,0,0,0,0,0,0,0,0,0,0,0,0
193251734,Tulsa,northern,,City Street,1,0.0,0.0,possible_injury,0.0,0,0.0,0.0,1.0,REAR-END,REAR-END,36.2929909,-95.8301704,2019,2019-04-18,13.38,2,0,N,       ,N,N,0,Clear,Daylight,1.0,2,0,No Roadway Departure,0,N,0.0,D,21.0,79.0,F,Y,1.0,Apparently Normal,4.0,1,0,0,Inattention,Other,0,0,0,0,0,0,0,0,0,0,0,0,0,0,0,0,0,0,0,0,0,0,0,0,1,0,0,0,0,0,0,0,0,0,0,0,0
193251754,Rogers,northern,US-169,US Route,0,0.0,0.0,property_damage,0.0,0,0.0,0.0,0.0,F-O TREE,FIXED-OBJECT,36.44266386,-95.70871709,2019,2019-11-04,16.0,1,0,N,       ,N,N,0,Clear,Daylight,1.0,20,0,Roadway Departure Right,0,N,0.0,D,21.0,50.0,F,Y,1.0,Apparently Normal,4.0,0,0,0,Inattention,Other,0,0,0,0,0,0,0,0,0,0,0,0,0,0,0,0,0,0,0,0,0,0,0,0,1,0,0,0,0,0,0,0,0,0,0,0,0
193251755,Rogers,northern,US-169,US Route,0,1.0,0.0,property_damage,0.0,0,0.0,0.0,0.0,REAR-END,REAR-END,36.43948225,-95.70901523,2019,2019-10-31,16.39,2,0,N,       ,N,N,0,Clear,Daylight,1.0,4,0,No Roadway Departure,0,N,0.0,D,20.0,43.0,M,Y,1.0,Apparently Normal,4.0,0,0,0,Inattention,Other,0,0,0,0,0,0,0,0,0,0,0,0,0,0,0,0,0,0,0,0,0,0,0,0,1,0,0,0,0,0,0,0,0,0,0,0,0
193251757,Rogers,northern,SH-66,State Highway,1,2.0,0.0,property_damage,0.0,0,0.0,0.0,0.0,REAR-END,REAR-END,36.26404439,-95.65271973,2019,2019-11-08,14.52,2,0,N,       ,N,N,0,Clear,Daylight,1.0,2,0,No Roadway Departure,0,N,0.0,D,4.0,49.0,M,Y,1.0,Apparently Normal,4.0,0,0,0,Inattention,Distraction from Outside Vehicle,0,0,0,0,0,0,0,0,0,0,0,0,0,0,0,0,0,0,0,0,0,0,0,0,1,0,0,0,0,0,0,0,0,0,0,0,0
193251766,Tulsa,northern,US-169,US Route,0,0.0,0.0,property_damage,0.0,0,0.0,0.0,0.0,F-O FENCE,FIXED-OBJECT,36.30549133,-95.8220087,2019,2019-11-04,18.06,1,0,N,       ,N,N,0,Clear,Daylight,1.0,20,0,Roadway Departure Right,0,N,0.0,D,2.0,26.0,F,Y,1.0,Apparently Normal,4.0,0,0,0,Inattention,Other Distraction Inside Vehicle,0,0,0,0,0,0,0,0,0,0,0,0,0,0,0,0,0,0,0,0,0,0,0,0,1,0,0,0,0,0,0,0,0,0,0,0,0
193262680,Craig,northern,US-60,US Route,1,0.0,0.0,property_damage,0.0,0,0.0,0.0,0.0,REAR-END,REAR-END,36.6386805,-95.15414086,2019,2019-10-25,9.41,2,0,N,       ,N,N,0,Rain,Daylight,2.0,2,0,No Roadway Departure,0,Y,0.0,D,2.0,0.0,9,Y,1.0,Unknown,99.0,0,0,0,Inattention,Other,0,0,0,0,0,0,0,0,0,0,0,0,0,0,0,0,0,0,0,0,0,0,0,0,1,0,0,0,0,0,0,0,0,0,1,0,0
193291313,Delaware,northern,US-59,US Route,1,0.0,0.0,property_damage,0.0,0,0.0,0.0,0.0,REAR-END,REAR-END,36.57888718,-94.76908963,2019,2019-10-16,14.27,2,0,N,       ,N,N,0,Cloudy,Daylight,1.0,2,0,No Roadway Departure,0,N,0.0,D,20.0,18.0,F,Y,1.0,Apparently Normal,4.0,0,1,0,Inattention,Other Distraction Inside Vehicle,0,0,0,0,0,0,0,0,0,0,0,0,0,0,0,0,0,0,0,0,0,0,0,0,1,0,0,0,0,0,0,0,0,0,0,0,0
193291319,Delaware,northern,US-59,US Route,0,0.0,0.0,property_damage,0.0,0,0.0,0.0,0.0,SIDESWIPE-SAME,SIDESWIPE-SAME,36.57555187,-94.76912197,2019,2019-10-25,14.06,2,0,N,       ,N,N,0,Clear,Daylight,2.0,16,0,No Roadway Departure,0,N,2.0,D,21.0,28.0,F,Y,1.0,Apparently Normal,4.0,0,0,0,Inattention,Distraction from Outside Vehicle,0,0,0,0,0,0,0,0,0,0,0,0,0,0,0,0,0,0,0,0,0,0,0,0,1,0,0,0,0,0,0,0,0,0,0,0,0
193291322,Delaware,northern,SH-10,State Highway,1,0.0,0.0,property_damage,0.0,0,0.0,0.0,0.0,REAR-END,REAR-END,36.59793849,-94.728835,2019,2019-10-29,7.3,2,0,N,       ,N,N,0,Cloudy,Daylight,1.0,4,0,No Roadway Departure,0,N,0.0,D,20.0,29.0,F,Y,1.0,Apparently Normal,4.0,0,0,0,Inattention,Other Distraction Inside Vehicle,0,0,0,0,0,0,0,0,0,0,0,0,0,0,0,0,0,0,0,0,0,0,0,0,1,0,0,0,0,0,0,0,0,0,0,0,0
193291325,Delaware,northern,SH-10,State Highway,0,1.0,0.0,property_damage,0.0,0,0.0,0.0,0.0,REAR-END,REAR-END,36.5958887,-94.75486651,2019,2019-10-31,17.19,2,0,N,       ,N,N,0,Clear,Daylight,1.0,4,0,No Roadway Departure,0,N,0.0,D,2.0,37.0,M,Y,1.0,Apparently Normal,4.0,0,0,0,Inattention,Other,0,0,0,0,0,0,0,0,0,0,0,0,0,0,0,0,0,0,0,0,0,0,0,0,1,0,0,0,0,0,0,0,0,0,0,0,0
193291329,Mayes,northern,SH-82,State Highway,1,0.0,0.0,possible_injury,0.0,0,0.0,0.0,1.0,REAR-END,REAR-END,36.19995399,-95.1590458,2019,2019-10-16,17.1,3,0,N,       ,N,N,0,Clear,Daylight,1.0,2,0,No Roadway Departure,0,N,2.0,D,99.0,45.0,F,Y,1.0,Apparently Normal,4.0,0,0,0,Inattention,Other,0,0,0,0,0,0,0,0,0,0,0,0,0,0,0,0,0,0,0,0,0,0,0,0,1,0,0,0,0,0,0,0,0,0,0,0,0
193363213,Rogers,northern,SH-20,State Highway,0,0.0,0.0,property_damage,0.0,0,0.0,0.0,0.0,REAR-END,REAR-END,36.30965356,-95.61162502,2019,2019-10-22,12.03,2,0,N,       ,N,N,0,Clear,Daylight,1.0,2,0,No Roadway Departure,0,N,0.0,D,4.0,38.0,M,Y,1.0,Apparently Normal,4.0,0,0,0,Inattention,Distraction from Outside Vehicle,0,0,0,0,0,0,0,0,0,0,0,0,0,0,0,0,0,0,0,0,0,0,0,0,1,0,0,0,0,0,0,0,0,0,0,0,0
193363239,Cherokee,southern,US-62,US Route,0,0.0,0.0,property_damage,0.0,0,0.0,0.0,0.0,REAR-END,REAR-END,35.88364497,-94.97647952,2019,2019-10-04,17.31,2,0,N,       ,N,N,0,Cloudy,Daylight,1.0,3,0,No Roadway Departure,0,N,0.0,D,2.0,34.0,F,Y,1.0,Apparently Normal,4.0,0,0,0,Inattention,Other Distraction Inside Vehicle,0,0,0,0,0,0,0,0,0,0,0,0,0,0,0,0,0,0,0,0,0,0,0,0,1,0,0,0,0,0,0,0,0,0,0,0,0
193363243,Cherokee,southern,US-62,US Route,1,0.0,0.0,possible_injury,0.0,0,0.0,0.0,2.0,REAR-END,REAR-END,35.90831351,-94.9569649,2019,2019-10-10,17.16,2,0,N,       ,N,N,0,Rain,Daylight,2.0,2,0,No Roadway Departure,0,N,0.0,D,2.0,31.0,M,Y,1.0,Apparently Normal,4.0,0,0,0,Inattention,Other,0,0,0,0,0,0,0,0,0,0,0,0,0,0,0,0,0,0,0,0,0,0,0,0,1,0,0,0,0,0,0,0,0,0,1,0,0
193363256,Cherokee,southern,US-62,US Route,1,0.0,0.0,property_damage,0.0,0,0.0,0.0,0.0,REAR-END,REAR-END,35.89004382,-94.9769647,2019,2019-10-28,7.41,2,0,N,       ,N,N,0,Cloudy,Daylight,2.0,2,0,No Roadway Departure,0,N,0.0,D,20.0,25.0,M,Y,1.0,Apparently Normal,4.0,0,0,0,Inattention,Other Distraction Inside Vehicle,0,0,0,0,0,0,0,0,0,0,0,0,0,0,0,0,0,0,0,0,0,0,0,0,1,0,0,0,0,0,0,0,0,0,0,0,0
193363321,Rogers,northern,SH-66,State Highway,1,0.0,0.0,property_damage,0.0,0,0.0,0.0,0.0,REAR-END,REAR-END,36.24811407,-95.66994247,2019,2019-11-25,18.55,2,0,N,       ,N,N,0,Clear,Dark / Unknown Lighting,1.0,2,0,No Roadway Departure,0,N,2.0,D,2.0,30.0,F,Y,1.0,Apparently Normal,4.0,0,0,0,Inattention,Other,0,0,0,0,0,0,0,0,0,0,0,0,0,0,0,0,0,0,0,0,0,0,0,0,1,0,0,0,0,0,0,0,0,0,0,0,0
193390972,Rogers,northern,SH-266,State Highway,1,0.0,0.0,property_damage,0.0,0,0.0,0.0,0.0,ANGLE-TURNING,ANGLE-TURNING,36.24906564,-95.67846302,2019,2019-11-29,17.49,2,0,N,       ,N,N,0,Rain,Dark / Unlighted,2.0,24,0,No Roadway Departure,0,N,0.0,D,2.0,16.0,F,Y,1.0,Apparently Normal,4.0,0,1,0,Inattention,Other,0,0,0,0,0,0,0,0,0,0,0,0,0,0,0,0,0,0,0,0,0,0,0,0,1,0,0,0,0,0,0,0,0,0,1,1,0
193390977,Tulsa,northern,US-169,US Route,1,21.0,35.0,property_damage,0.0,0,0.0,0.0,0.0,REAR-END,REAR-END,36.29309477,-95.83380105,2019,2019-11-22,21.18,2,0,N,       ,N,N,0,Rain,Dark / Lighted,2.0,5,0,No Roadway Departure,0,N,0.0,D,2.0,22.0,F,Y,1.0,Apparently Normal,4.0,0,0,0,Inattention,Distraction from Outside Vehicle,0,0,0,0,0,0,0,0,0,0,0,0,0,0,0,0,0,0,0,0,0,0,0,0,1,0,0,0,0,0,0,0,0,0,1,0,0
193391027,Washington,northern,US-75,US Route,1,0.0,0.0,property_damage,0.0,0,0.0,0.0,0.0,SIDESWIPE-SAME,SIDESWIPE-SAME,36.73671971,-95.93528122,2019,2019-11-27,14.24,2,0,N,       ,N,N,0,Clear,Daylight,1.0,16,0,No Roadway Departure,0,N,0.0,D,20.0,42.0,M,Y,1.0,Apparently Normal,4.0,0,0,0,Inattention,Other,0,0,0,0,0,0,0,0,0,0,0,0,0,0,0,0,0,0,0,0,0,0,0,0,1,0,0,0,0,0,0,0,0,0,0,0,0
193391029,Washington,northern,,City Street,5,80.0,99.0,property_damage,0.0,0,0.0,0.0,0.0,ANGLE-TURNING,ANGLE-TURNING,36.73238471,-95.9532906,2019,2019-11-25,15.48,2,0,N,       ,N,N,0,Clear,Daylight,1.0,10,0,No Roadway Departure,0,N,0.0,D,1.0,25.0,M,Y,1.0,Apparently Normal,4.0,0,0,0,Inattention,Other Distraction Inside Vehicle,0,0,0,0,0,0,0,0,0,0,0,0,0,0,0,0,0,0,0,0,0,0,0,0,1,0,0,0,0,0,0,0,0,0,0,0,0
193391038,Washington,northern,,City Street,5,80.0,99.0,property_damage,0.0,0,0.0,0.0,0.0,REAR-END,REAR-END,36.77915091,-95.9957749,2019,2019-11-18,16.5,2,0,N,       ,N,N,0,Clear,Dusk,1.0,2,0,No Roadway Departure,0,N,0.0,D,20.0,23.0,M,Y,1.0,Apparently Normal,4.0,0,0,0,Inattention,Other Distraction Inside Vehicle,0,0,0,0,0,0,0,0,0,0,0,0,0,0,0,0,0,0,0,0,0,0,0,0,1,0,0,0,0,0,0,0,0,0,0,1,0
193391040,Washington,northern,US-60,US Route,1,0.0,0.0,property_damage,0.0,0,0.0,0.0,0.0,REAR-END,REAR-END,36.74260797,-95.95390299,2019,2019-11-16,14.47,2,0,N,       ,N,N,0,Clear,Daylight,1.0,2,0,No Roadway Departure,0,N,0.0,D,21.0,60.0,F,Y,1.0,Apparently Normal,4.0,0,0,0,Inattention,Other,0,0,0,0,0,0,0,0,0,0,0,0,0,0,0,0,0,0,0,0,0,0,0,0,1,0,0,0,0,0,0,0,0,0,0,0,0
193391041,Washington,northern,,City Street,1,0.0,0.0,possible_injury,0.0,0,0.0,0.0,1.0,REAR-END,REAR-END,36.737655,-95.917291,2019,2019-11-14,18.5,3,0,N,       ,N,N,0,Clear,Dark / Lighted,1.0,4,0,No Roadway Departure,0,N,0.0,D,20.0,55.0,M,Y,0.0,Apparently Normal,4.0,0,0,0,Inattention,Other,0,0,0,0,0,0,0,0,0,0,0,0,0,0,0,0,0,0,0,0,0,0,0,0,1,0,0,0,0,0,0,0,0,0,0,0,0
193391045,Washington,northern,US-75,US Route,0,1.0,0.0,property_damage,0.0,0,0.0,0.0,0.0,REAR-END,REAR-END,36.71270764,-95.9351389,2019,2019-11-09,15.53,2,0,N,       ,N,N,0,Clear,Daylight,1.0,5,0,No Roadway Departure,0,N,0.0,D,2.0,49.0,M,Y,1.0,Apparently Normal,4.0,0,0,0,Inattention,Distraction from Outside Vehicle,0,0,0,0,0,0,0,0,0,0,0,0,0,0,0,0,0,0,0,0,0,0,0,0,1,0,0,0,0,0,0,0,0,0,0,0,0
193391047,Washington,northern,US-75,US Route,1,0.0,0.0,property_damage,0.0,0,0.0,0.0,0.0,REAR-END,REAR-END,36.71111254,-95.93514753,2019,2019-11-09,7.55,2,0,N,       ,N,N,0,Clear,Daylight,2.0,2,0,No Roadway Departure,0,N,0.0,D,4.0,20.0,M,Y,0.0,Sleepy,4.0,0,0,1,Inattention,Other,0,0,0,0,0,0,0,0,0,0,0,0,0,0,0,0,0,0,0,0,0,0,0,0,1,0,0,0,0,0,0,0,0,0,0,0,0
193391048,Washington,northern,,City Street,5,80.0,99.0,property_damage,0.0,0,0.0,0.0,0.0,REAR-END,REAR-END,36.73235421,-95.9306546,2019,2019-11-06,18.43,2,0,N,       ,N,N,0,Clear,Dark / Unlighted,1.0,2,0,No Roadway Departure,0,N,0.0,D,20.0,92.0,M,Y,1.0,Apparently Normal,4.0,1,0,0,Inattention,Other,0,0,0,0,0,0,0,0,0,0,0,0,0,0,0,0,0,0,0,0,0,0,0,0,1,0,0,0,0,0,0,0,0,0,0,1,0
193391049,Washington,northern,US-75,US Route,1,0.0,0.0,property_damage,0.0,0,0.0,0.0,0.0,REAR-END,REAR-END,36.72801937,-95.93522262,2019,2019-11-08,17.19,2,0,N,       ,N,N,0,Clear,Daylight,1.0,2,0,No Roadway Departure,0,N,0.0,D,20.0,25.0,F,Y,1.0,Apparently Normal,4.0,0,0,0,Inattention,Other Distraction Inside Vehicle,0,0,0,0,0,0,0,0,0,0,0,0,0,0,0,0,0,0,0,0,0,0,0,0,1,0,0,0,0,0,0,0,0,0,0,0,0
193391053,Washington,northern,US-75,US Route,1,0.0,0.0,possible_injury,0.0,0,0.0,0.0,2.0,REAR-END,REAR-END,36.71111254,-95.93514753,2019,2019-11-05,12.4,2,0,N,       ,N,N,0,Clear,Daylight,1.0,2,0,No Roadway Departure,0,N,0.0,D,4.0,25.0,M,Y,0.0,Apparently Normal,4.0,0,0,0,Inattention,Other,0,0,0,0,0,0,0,0,0,0,0,0,0,0,0,0,0,0,0,0,0,0,0,0,1,0,0,0,0,0,0,0,0,0,0,0,0
193391054,Washington,northern,US-75,US Route,1,0.0,0.0,property_damage,0.0,0,0.0,0.0,0.0,RIGHT-ANGLE,RIGHT-ANGLE,36.75629274,-95.93546253,2019,2019-11-04,20.4,2,0,N,       ,N,N,0,Clear,Dark / Lighted,1.0,1,0,No Roadway Departure,0,N,0.0,D,1.0,29.0,M,Y,1.0,Apparently Normal,4.0,0,0,0,Inattention,Other Distraction Inside Vehicle,0,0,0,0,0,0,0,0,0,0,0,0,0,0,0,0,0,0,0,0,0,0,0,0,1,0,0,0,0,0,0,0,0,0,0,0,0
193401116,Tulsa,northern,SH-20,State Highway,1,0.0,0.0,property_damage,0.0,0,0.0,0.0,0.0,REAR-END,REAR-END,36.36840157,-95.99145439,2019,2019-11-05,18.17,2,0,N,       ,N,N,0,Clear,Dark / Lighted,1.0,3,0,No Roadway Departure,0,N,0.0,D,2.0,55.0,F,Y,1.0,Apparently Normal,4.0,0,0,0,Inattention,Other,0,0,0,0,0,0,0,0,0,0,0,0,0,0,0,0,0,0,0,0,0,0,0,0,1,0,0,0,0,0,0,0,0,0,0,0,0
193401129,Mayes,northern,US-69,US Route,0,1.0,0.0,property_damage,0.0,0,0.0,0.0,0.0,OTH-BACKING,OTH-BACKING,36.29028682,-95.32515124,2019,2019-11-07,7.53,2,0,N,       ,N,N,0,Cloudy,Dawn,1.0,27,0,No Roadway Departure,0,Y,0.0,D,4.0,27.0,M,Y,1.0,Apparently Normal,4.0,0,0,0,Inattention,Other,0,0,0,0,0,0,0,0,0,0,0,0,0,0,0,0,0,0,0,0,0,0,0,0,1,0,0,0,0,0,0,0,0,0,0,1,0
193401130,Mayes,northern,SH-20,State Highway,1,0.0,0.0,possible_injury,0.0,0,0.0,0.0,1.0,REAR-END,REAR-END,36.30708739,-95.31426219,2019,2019-11-01,14.45,2,0,N,       ,N,N,0,Clear,Daylight,1.0,2,0,No Roadway Departure,0,N,0.0,D,4.0,36.0,F,Y,1.0,Apparently Normal,4.0,0,0,0,Inattention,Distraction from Outside Vehicle,0,0,0,0,0,0,0,0,0,0,0,0,0,0,0,0,0,0,0,0,0,0,0,0,1,0,0,0,0,0,0,0,0,0,0,0,0
193401134,Mayes,northern,US-69,US Route,1,0.0,0.0,possible_injury,0.0,0,0.0,0.0,3.0,ANGLE-TURNING,ANGLE-TURNING,36.29834844,-95.32224919,2019,2019-11-21,7.14,2,0,N,       ,N,N,0,Cloudy,Daylight,1.0,13,0,No Roadway Departure,0,N,0.0,D,2.0,35.0,F,Y,2.0,Apparently Normal,4.0,0,0,0,Inattention,Other,0,0,0,0,0,0,0,0,0,0,0,0,0,0,0,0,0,0,0,0,0,0,0,0,1,0,0,0,0,0,0,0,0,0,0,0,0
193401137,Mayes,northern,US-69,US Route,0,0.0,0.0,non_incapacitating_injury,1.0,0,0.0,1.0,0.0,REAR-END,REAR-END,36.28709613,-95.32635412,2019,2019-11-30,13.23,2,0,N,       ,N,N,0,Clear,Daylight,1.0,2,0,No Roadway Departure,0,N,0.0,D,21.0,44.0,M,Y,3.0,Apparently Normal,4.0,0,0,0,Inattention,Other,0,0,0,0,0,0,0,0,0,0,0,0,0,0,0,0,0,0,0,0,0,0,0,0,1,0,0,0,0,0,0,0,0,0,0,0,0
193401152,Rogers,northern,SH-266,State Highway,1,0.0,0.0,non_incapacitating_injury,3.0,0,0.0,3.0,1.0,REAR-END,REAR-END,36.24906564,-95.67846302,2019,2019-11-25,13.02,2,0,N,       ,N,N,0,Clear,Daylight,1.0,4,0,No Roadway Departure,0,N,0.0,D,2.0,24.0,F,Y,3.0,Apparently Normal,4.0,0,0,0,Inattention,Other,0,0,0,0,0,0,0,0,0,0,0,0,0,0,0,0,0,0,0,0,0,0,0,0,1,0,0,0,0,0,0,0,0,0,0,0,0
193446128,Sequoyah,southern,US-59,US Route,0,10.0,60.0,property_damage,0.0,0,0.0,0.0,0.0,F-O UTIL-POLE,FIXED-OBJECT,35.45166967,-94.80596811,2019,2019-11-23,7.53,1,0,N,       ,N,N,0,Clear,Daylight,1.0,20,0,Roadway Departure Right,0,N,9.0,D,20.0,26.0,M,Y,1.0,Apparently Normal,4.0,0,0,0,Inattention,Other,0,0,0,0,0,0,0,0,0,0,0,0,0,0,0,0,0,0,0,0,0,0,0,0,1,0,0,0,0,0,0,0,0,0,0,0,0
193468002,Tulsa,northern,,City Street,1,0.0,0.0,possible_injury,0.0,0,0.0,0.0,1.0,RIGHT-ANGLE,RIGHT-ANGLE,36.2929893,-95.8481191,2019,2019-11-25,10.38,2,0,N,       ,N,N,0,Clear,Daylight,1.0,1,0,No Roadway Departure,0,N,0.0,D,20.0,33.0,F,Y,2.0,Apparently Normal,4.0,0,0,0,Inattention,Other,0,0,0,0,0,0,0,0,0,0,0,0,0,0,0,0,0,0,0,0,0,0,0,0,1,0,0,0,0,0,0,0,0,0,0,0,0
193468006,Tulsa,northern,US-169,US Route,0,0.0,0.0,non_incapacitating_injury,3.0,0,0.0,3.0,0.0,REAR-END,REAR-END,36.26018396,-95.84793787,2019,2019-11-26,9.36,2,0,N,       ,N,N,0,Clear,Daylight,1.0,2,0,No Roadway Departure,0,N,0.0,D,4.0,43.0,M,Y,3.0,Sleepy,4.0,0,0,1,Inattention,Other,0,0,0,0,0,0,0,0,0,0,0,0,0,0,0,0,0,0,0,0,0,0,0,0,1,0,0,0,0,0,0,0,0,0,0,0,0
193468015,Tulsa,northern,,City Street,6,0.0,0.0,possible_injury,0.0,0,0.0,0.0,1.0,REAR-END,REAR-END,36.2930244,-95.83890487,2019,2019-11-29,17.12,2,0,N,       ,N,N,0,Rain,Dark / Lighted,2.0,3,0,No Roadway Departure,0,N,2.0,D,20.0,21.0,M,Y,1.0,Apparently Normal,4.0,0,0,0,Inattention,Other Distraction Inside Vehicle,0,0,0,0,0,0,0,0,0,0,0,0,0,0,0,0,0,0,0,0,0,0,0,0,1,0,0,0,0,0,0,0,0,0,1,0,0
193468444,Tulsa,northern,,City Street,6,0.0,0.0,non_incapacitating_injury,1.0,0,0.0,1.0,0.0,REAR-END,REAR-END,36.2929893,-95.84778277,2019,2019-12-01,9.25,2,0,N,       ,N,N,0,Clear,Daylight,1.0,2,0,No Roadway Departure,0,N,0.0,D,20.0,77.0,F,Y,3.0,Apparently Normal,4.0,1,0,0,Inattention,Other,0,0,0,0,0,0,0,0,0,0,0,0,0,0,0,0,0,0,0,0,0,0,0,0,1,0,0,0,0,0,0,0,0,0,0,0,0
193530617,Cherokee,southern,SH-82,State Highway,1,0.0,0.0,property_damage,0.0,0,0.0,0.0,0.0,REAR-END,REAR-END,35.93752777,-94.96656796,2019,2019-11-01,14.37,2,0,N,       ,N,N,0,Clear,Daylight,1.0,4,0,No Roadway Departure,0,N,0.0,D,2.0,47.0,M,Y,1.0,Apparently Normal,4.0,0,0,0,Inattention,Other Distraction Inside Vehicle,0,0,0,0,0,0,0,0,0,0,0,0,0,0,0,0,0,0,0,0,0,0,0,0,1,0,0,0,0,0,0,0,0,0,0,0,0
193530624,Cherokee,southern,US-62,US Route,1,0.0,0.0,property_damage,0.0,0,0.0,0.0,0.0,REAR-END,REAR-END,35.89004382,-94.9769647,2019,2019-11-14,8.07,2,0,N,       ,N,N,0,Clear,Daylight,1.0,2,0,No Roadway Departure,0,N,0.0,D,20.0,34.0,F,Y,1.0,Apparently Normal,4.0,0,0,0,Inattention,Other,0,0,0,0,0,0,0,0,0,0,0,0,0,0,0,0,0,0,0,0,0,0,0,0,1,0,0,0,0,0,0,0,0,0,0,0,0