crash_id,county,region,highway_name,highway_class,intersection_rel,special_feature_1,special_feature_2,severity_level,visual_injured_num,fatal_num,suspected_serious_injured_num,non_incapacitated_injured_num,possibly_injured_num,crash_type,main_crash_type,latitude,longitude,year,date,time,number_of_vehicles,number_of_commercial_vehicles,work_zone,railroad_crossing,alcohol,drug,Alcohol or Drug,weather_condition,lighting_condition,road_condition,manner_of_collision,pedestrians_num,roadway_departure,cross_centerline,hit_and_run,emergency_vehicle_use,unit_type,vehicle_type,age,sex,driver_of_vehicle,injury_severity,person_condition,restraint_use,older_driver,teen_driver,Sleepy/Ill/Dizzy Driver,unsafe_unlaw_category,unsafe_unlaw_desc,Abnormal Traffic Control,Alcohol-DUI/DWI,Animal in Roadway,Apparently Sleepy,Avoiding Other Vehicle,Avoiding Pedestrian,Changed Lanes Unsafely,Deer in Roadway,Defect in Roadway,Disregarded Warning Signal,Domestic Animal in Roadway,Drug-DUI,Failed to Secure Load,Failed to Signal,Failed to Stop,Failed to Yield,Followed too Closely,Improper Backing,Improper Bicyclist Action,Improper Overtaking,Improper Parking,Improper Start From,Improper Turn,Improper Use of Lane,Distraction,Left of Center,No Improper Action by Driver,Object/Debris in Roadway,Other Improper Act/Movement,Pedestrian Action,Stopped in Traffic Lane,Speeding,Unsafe Vehicle,Wrong Way,Bad Weather,Bad Lighting,Bad Road Condition
193547134,Rogers,northern,SH-88,State Highway,0,1.0,0.0,property_damage,0.0,0,0.0,0.0,0.0,REAR-END,REAR-END,36.32793941,-95.63260172,2019,2019-11-14,22.01,2,0,N,       ,N,N,0,Clear,Dark / Unlighted,1.0,4,0,No Roadway Departure,0,N,0.0,D,2.0,17.0,F,Y,1.0,Apparently Normal,4.0,0,1,0,Inattention,Other,0,0,0,0,0,0,0,0,0,0,0,0,0,0,0,0,0,0,0,0,0,0,0,0,1,0,0,0,0,0,0,0,0,0,0,1,0
193547215,Rogers,northern,SH-20,State Highway,0,0.0,0.0,non_incapacitating_injury,1.0,0,0.0,1.0,0.0,REAR-END,REAR-END,36.31442687,-95.62059088,2019,2019-11-01,12.35,2,0,N,       ,N,N,0,Clear,Daylight,1.0,2,0,No Roadway Departure,0,N,0.0,D,2.0,27.0,F,Y,1.0,Apparently Normal,4.0,0,0,0,Inattention,Other,0,0,0,0,0,0,0,0,0,0,0,0,0,0,0,0,0,0,0,0,0,0,0,0,1,0,0,0,0,0,0,0,0,0,0,0,0
193547216,Rogers,northern,SH-66,State Highway,1,0.0,0.0,possible_injury,0.0,0,0.0,0.0,2.0,REAR-END,REAR-END,36.3109294,-95.61705879,2019,2019-11-01,21.3,2,0,N,       ,N,N,0,Clear,Dark / Unlighted,1.0,2,0,No Roadway Departure,0,N,0.0,D,4.0,49.0,F,Y,1.0,Apparently Normal,4.0,0,0,0,Inattention,Other,0,0,0,0,0,0,0,0,0,0,0,0,0,0,0,0,0,0,0,0,0,0,0,0,1,0,0,0,0,0,0,0,0,0,0,1,0
193572240,Mayes,northern,US-69,US Route,1,0.0,0.0,property_damage,0.0,0,0.0,0.0,0.0,SIDESWIPE-SAME,SIDESWIPE-SAME,36.29070299,-95.32499434,2019,2019-12-03,18.56,2,0,N,       ,N,N,0,Cloudy,Dark / Lighted,1.0,16,0,No Roadway Departure,0,N,9.0,D,5.0,29.0,M,Y,1.0,Apparently Normal,4.0,0,0,0,Inattention,Other,0,0,0,0,0,0,0,0,0,0,0,0,0,0,0,0,0,0,0,0,0,0,0,0,1,0,0,0,0,0,0,0,0,0,0,0,0
193572254,Mayes,northern,US-69,US Route,1,0.0,0.0,property_damage,0.0,0,0.0,0.0,0.0,REAR-END,REAR-END,36.24591031,-95.33639977,2019,2019-12-17,17.2,2,0,N,       ,N,N,0,Clear,Daylight,1.0,5,0,No Roadway Departure,0,N,0.0,D,20.0,64.0,M,Y,1.0,Apparently Normal,4.0,0,0,0,Inattention,Other,0,0,0,0,0,0,0,0,0,0,0,0,0,0,0,0,0,0,0,0,0,0,0,0,1,0,0,0,0,0,0,0,0,0,0,0,0
193572255,Mayes,northern,,City Street,1,80.0,99.0,property_damage,0.0,0,0.0,0.0,0.0,ANGLE-TURNING,ANGLE-TURNING,36.2638535,-95.327922,2019,2019-12-12,20.55,2,0,N,       ,N,N,0,Cloudy,Dark / Unlighted,1.0,6,0,No Roadway Departure,0,N,0.0,D,20.0,36.0,M,Y,1.0,Apparently Normal,4.0,0,0,0,Inattention,Other Distraction Inside Vehicle,0,0,0,0,0,0,0,0,0,0,0,0,0,0,0,0,0,0,0,0,0,0,0,0,1,0,0,0,0,0,0,0,0,0,0,1,0
193601896,Tulsa,northern,,City Street,1,0.0,0.0,possible_injury,0.0,0,0.0,0.0,2.0,ANGLE-TURNING,ANGLE-TURNING,36.3075533,-95.8301724,2019,2019-12-08,13.29,2,0,N,       ,N,N,0,Cloudy,Daylight,1.0,12,0,No Roadway Departure,0,N,0.0,D,20.0,26.0,M,Y,2.0,Apparently Normal,4.0,0,0,0,Inattention,Other Distraction Inside Vehicle,0,0,0,0,0,0,0,0,0,0,0,0,0,0,0,0,0,0,0,0,0,0,0,0,1,0,0,0,0,0,0,0,0,0,0,0,0
200032688,Tulsa,northern,,City Street,7,1.0,0.0,non_incapacitating_injury,1.0,0,0.0,1.0,0.0,REAR-END,REAR-END,36.30718889,-95.8841892,2019,2019-12-19,19.35,2,0,N,       ,N,N,0,Clear,Dark / Unlighted,1.0,2,0,No Roadway Departure,0,N,9.0,D,2.0,35.0,F,Y,3.0,Apparently Normal,4.0,0,0,0,Inattention,Other Distraction Inside Vehicle,0,0,0,0,0,0,0,0,0,0,0,0,0,0,0,0,0,0,0,0,0,0,0,0,1,0,0,0,0,0,0,0,0,0,0,1,0
200064327,Delaware,northern,US-59,US Route,1,0.0,0.0,property_damage,0.0,0,0.0,0.0,0.0,REAR-END,REAR-END,36.59345179,-94.76977202,2019,2019-11-01,19.2,3,0,N,       ,N,N,0,Clear,Dark / Lighted,1.0,2,0,No Roadway Departure,0,N,2.0,D,4.0,24.0,M,Y,1.0,Apparently Normal,4.0,0,0,0,Inattention,Other,0,0,0,0,0,0,0,0,0,0,0,0,0,0,0,0,0,0,0,0,0,0,0,0,1,0,0,0,0,0,0,0,0,0,0,0,0
200064330,Delaware,northern,US-59,US Route,0,0.0,0.0,property_damage,0.0,0,0.0,0.0,0.0,REAR-END,REAR-END,36.59343366,-94.77157031,2019,2019-11-06,12.45,2,0,N,       ,N,N,0,Cloudy,Daylight,1.0,2,0,No Roadway Departure,0,N,2.0,D,20.0,28.0,F,Y,1.0,Apparently Normal,4.0,0,0,0,Inattention,Other Distraction Inside Vehicle,0,0,0,0,0,0,0,0,0,0,0,0,0,0,0,0,0,0,0,0,0,0,0,0,1,0,0,0,0,0,0,0,0,0,0,0,0
200064331,Delaware,northern,US-59,US Route,1,0.0,0.0,possible_injury,0.0,0,0.0,0.0,1.0,REAR-END,REAR-END,36.59436623,-94.77940793,2019,2019-11-07,15.0,2,0,N,       ,N,N,0,Clear,Daylight,1.0,2,0,No Roadway Departure,0,N,2.0,D,2.0,34.0,M,Y,2.0,Apparently Normal,4.0,0,0,0,Inattention,Other,0,0,0,0,0,0,0,0,0,0,0,0,0,0,0,0,0,0,0,0,0,0,0,0,1,0,0,0,0,0,0,0,0,0,0,0,0
200064335,Delaware,northern,US-59,US Route,1,0.0,0.0,property_damage,0.0,0,0.0,0.0,0.0,REAR-END,REAR-END,36.58251242,-94.7691367,2019,2019-11-12,20.49,2,0,N,       ,N,N,0,Clear,Dark / Lighted,1.0,2,0,No Roadway Departure,0,N,9.0,D,2.0,27.0,F,Y,1.0,Apparently Normal,4.0,0,0,0,Inattention,Other Distraction Inside Vehicle,0,0,0,0,0,0,0,0,0,0,0,0,0,0,0,0,0,0,0,0,0,0,0,0,1,0,0,0,0,0,0,0,0,0,0,0,0
200064336,Delaware,northern,US-59,US Route,1,0.0,0.0,property_damage,0.0,0,0.0,0.0,0.0,REAR-END,REAR-END,36.57888718,-94.76908963,2019,2019-11-15,16.32,2,0,N,       ,N,N,0,Clear,Daylight,1.0,2,0,No Roadway Departure,0,N,9.0,D,2.0,39.0,F,Y,1.0,Apparently Normal,4.0,0,0,0,Inattention,Other,0,0,0,0,0,0,0,0,0,0,0,0,0,0,0,0,0,0,0,0,0,0,0,0,1,0,0,0,0,0,0,0,0,0,0,0,0
200064337,Delaware,northern,US-59,US Route,0,0.0,0.0,property_damage,0.0,0,0.0,0.0,0.0,REAR-END,REAR-END,36.60326123,-94.79149229,2019,2019-11-15,16.53,2,0,N,       ,N,N,0,Clear,Daylight,1.0,2,0,No Roadway Departure,0,N,9.0,D,1.0,42.0,F,Y,1.0,Apparently Normal,4.0,0,0,0,Inattention,Distraction from Outside Vehicle,0,0,0,0,0,0,0,0,0,0,0,0,0,0,0,0,0,0,0,0,0,0,0,0,1,0,0,0,0,0,0,0,0,0,0,0,0
200064450,Tulsa,northern,SH-20,State Highway,0,1.0,0.0,property_damage,0.0,0,0.0,0.0,0.0,REAR-END,REAR-END,36.36531397,-95.82454966,2019,2019-12-17,20.05,2,0,N,       ,N,N,0,Clear,Dark / Lighted,1.0,5,0,Fixed Object,0,N,0.0,D,20.0,74.0,M,Y,1.0,Apparently Normal,4.0,1,0,0,Inattention,Other,0,0,0,0,0,0,0,0,0,0,0,0,0,0,0,0,0,0,0,0,0,0,0,0,1,0,0,0,0,0,0,0,0,0,0,0,0
200064459,Sequoyah,southern,US-64,US Route,1,0.0,0.0,possible_injury,0.0,0,0.0,0.0,1.0,ANGLE-TURNING,ANGLE-TURNING,35.40238783,-94.59596106,2019,2019-12-11,17.5,2,0,N,       ,N,N,0,Clear,Dark / Lighted,1.0,7,0,Crossover Median,0,N,0.0,D,20.0,26.0,F,Y,1.0,Sleepy,4.0,0,0,1,Inattention,Other,0,0,0,0,0,0,0,0,0,0,0,0,0,0,0,0,0,0,0,0,0,0,0,0,1,0,0,0,0,0,0,0,0,0,0,0,0
200151196,Adair,southern,US-59,US Route,1,0.0,0.0,possible_injury,0.0,0,0.0,0.0,1.0,REAR-END,REAR-END,35.98781609,-94.58371221,2019,2019-12-24,17.33,2,0,N,       ,N,N,0,Clear,Dark / Unlighted,1.0,2,0,No Roadway Departure,0,N,2.0,D,99.0,74.0,F,Y,1.0,Apparently Normal,4.0,1,0,0,Inattention,Other,0,0,0,0,0,0,0,0,0,0,0,0,0,0,0,0,0,0,0,0,0,0,0,0,1,0,0,0,0,0,0,0,0,0,0,1,0
200173311,Washington,northern,SH-123,State Highway,1,0.0,0.0,possible_injury,0.0,0,0.0,0.0,1.0,OTHER,OTHER,36.75272812,-95.97374766,2019,2019-12-23,6.49,2,0,N,       ,N,N,0,Fog/Smoke,Dark / Lighted,1.0,20,0,Fixed Object,0,N,9.0,D,4.0,23.0,M,Y,1.0,Apparently Normal,4.0,0,0,0,Inattention,Other,0,0,0,0,0,0,0,0,0,0,0,0,0,0,0,0,0,0,0,0,0,0,0,0,1,0,0,0,0,0,0,0,0,0,1,0,0
200173312,Washington,northern,,City Street,1,0.0,0.0,possible_injury,0.0,0,0.0,0.0,1.0,REAR-END,REAR-END,36.7388966,-95.9854456,2019,2019-12-22,22.24,2,0,N,       ,N,N,0,Clear,Dark / Lighted,1.0,5,0,No Roadway Departure,0,N,9.0,D,2.0,17.0,F,Y,1.0,Apparently Normal,4.0,0,1,0,Inattention,Other Distraction Inside Vehicle,0,0,0,0,0,0,0,0,0,0,0,0,0,0,0,0,0,0,0,0,0,0,0,0,1,0,0,0,0,0,0,0,0,0,0,0,0
200173316,Washington,northern,US-75,US Route,0,0.0,0.0,incapacitating_injury,3.0,0,2.0,1.0,0.0,REAR-END,REAR-END,36.74643388,-95.93533811,2019,2019-12-18,18.19,2,0,N,       ,N,N,0,Clear,Dark / Lighted,1.0,2,0,No Roadway Departure,0,N,9.0,D,20.0,54.0,F,Y,1.0,Apparently Normal,4.0,0,0,0,Inattention,Other,0,0,0,0,0,0,0,0,0,0,0,0,0,0,0,0,0,0,0,0,0,0,0,0,1,0,0,0,0,0,0,0,0,0,0,0,0
200173325,Washington,northern,US-75,US Route,0,1.0,0.0,property_damage,0.0,0,0.0,0.0,0.0,REAR-END,REAR-END,36.74643388,-95.93533811,2019,2019-12-14,16.55,2,0,N,       ,N,N,0,Clear,Daylight,1.0,5,0,No Roadway Departure,0,N,9.0,D,4.0,62.0,M,Y,1.0,Apparently Normal,4.0,0,0,0,Inattention,Other,0,0,0,0,0,0,0,0,0,0,0,0,0,0,0,0,0,0,0,0,0,0,0,0,1,0,0,0,0,0,0,0,0,0,0,0,0
200173328,Washington,northern,,City Street,1,,0.0,possible_injury,0.0,0,0.0,0.0,1.0,OTH-BACKING,OTH-BACKING,36.7461292,-95.9825855,2019,2019-12-13,14.53,2,1,N,       ,N,N,0,Clear,Daylight,1.0,27,0,No Roadway Departure,0,N,9.0,D,2.0,20.0,F,Y,2.0,Unknown,99.0,0,0,0,Inattention,Other,0,0,0,0,0,0,0,0,0,0,0,0,0,0,0,0,0,0,0,0,0,0,0,0,1,0,0,0,0,0,0,0,0,0,0,0,0
200173329,Washington,northern,US-60,US Route,1,0.0,0.0,property_damage,0.0,0,0.0,0.0,0.0,REAR-END,REAR-END,36.74617856,-95.96503749,2019,2019-12-13,13.31,2,0,N,       ,N,N,0,Clear,Daylight,1.0,2,0,No Roadway Departure,0,N,9.0,D,2.0,21.0,F,Y,1.0,Apparently Normal,4.0,0,0,0,Inattention,Other,0,0,0,0,0,0,0,0,0,0,0,0,0,0,0,0,0,0,0,0,0,0,0,0,1,0,0,0,0,0,0,0,0,0,0,0,0
200173342,Washington,northern,,City Street,5,80.0,99.0,possible_injury,0.0,0,0.0,0.0,1.0,ANGLE-TURNING,ANGLE-TURNING,36.75486221,-95.9639465,2019,2019-12-26,13.0,2,0,N,       ,N,N,0,Clear,Daylight,1.0,12,0,No Roadway Departure,0,Y,9.0,D,9.0,0.0,9,Y,1.0,Unknown,99.0,0,0,0,Inattention,Other,0,0,0,0,0,0,0,0,0,0,0,0,0,0,0,0,0,0,0,0,0,0,0,0,1,0,0,0,0,0,0,0,0,0,0,0,0
200173363,Washington,northern,,City Street,5,80.0,99.0,property_damage,0.0,0,0.0,0.0,0.0,ANGLE-TURNING,ANGLE-TURNING,36.74644111,-95.966312,2019,2019-12-12,18.1,2,0,N,       ,N,N,0,Clear,Dark / Lighted,1.0,12,0,No Roadway Departure,0,Y,9.0,D,4.0,49.0,F,Y,1.0,Apparently Normal,4.0,0,0,0,Inattention,Other,0,0,0,0,0,0,0,0,0,0,0,0,0,0,0,0,0,0,0,0,0,0,0,0,1,0,0,0,0,0,0,0,0,0,0,0,0
200210890,Mayes,northern,US-69,US Route,1,0.0,0.0,property_damage,0.0,0,0.0,0.0,0.0,REAR-END,REAR-END,36.29070299,-95.32499434,2020,2020-01-08,15.04,2,1,N,       ,N,N,0,Cloudy,Daylight,1.0,2,0,No Roadway Departure,0,N,0.0,D,8.0,60.0,M,Y,1.0,Apparently Normal,4.0,0,0,0,Inattention,Other,0,0,0,0,0,0,0,0,0,0,0,0,0,0,0,0,0,0,0,0,0,0,0,0,1,0,0,0,0,0,0,0,0,0,0,0,0
200211092,Rogers,northern,SH-66,State Highway,1,0.0,0.0,property_damage,0.0,0,0.0,0.0,0.0,REAR-END,REAR-END,36.3109294,-95.61705879,2019,2019-12-09,9.08,2,0,N,       ,N,N,0,Clear,Daylight,1.0,2,0,No Roadway Departure,0,Y,0.0,D,2.0,0.0,9,Y,0.0,Unknown,99.0,0,0,0,Inattention,Other,0,0,0,0,0,0,0,0,0,0,0,0,0,0,0,0,0,0,0,0,0,0,0,0,1,0,0,0,0,0,0,0,0,0,0,0,0
200211093,Rogers,northern,SH-20,State Highway,1,0.0,0.0,property_damage,0.0,0,0.0,0.0,0.0,REAR-END,REAR-END,36.30887286,-95.60970303,2019,2019-12-09,14.26,2,0,N,       ,N,N,0,Clear,Daylight,1.0,4,0,No Roadway Departure,0,N,0.0,D,20.0,80.0,F,Y,1.0,Apparently Normal,4.0,1,0,0,Inattention,Distraction from Outside Vehicle,0,0,0,0,0,0,0,0,0,0,0,0,0,0,0,0,0,0,0,0,0,0,0,0,1,0,0,0,0,0,0,0,0,0,0,0,0
200211209,Mayes,northern,US-69,US Route,1,0.0,0.0,property_damage,0.0,0,0.0,0.0,0.0,RIGHT-ANGLE,RIGHT-ANGLE,36.30079299,-95.32112295,2019,2019-12-22,16.45,2,0,N,       ,N,N,0,Cloudy,Daylight,1.0,1,0,No Roadway Departure,0,N,0.0,D,20.0,24.0,F,Y,1.0,Apparently Normal,4.0,0,0,0,Inattention,Other,0,0,0,0,0,0,0,0,0,0,0,0,0,0,0,0,0,0,0,0,0,0,0,0,1,0,0,0,0,0,0,0,0,0,0,0,0
200271214,Rogers,northern,SH-266,State Highway,0,0.0,0.0,property_damage,0.0,0,0.0,0.0,0.0,F-O MAILBOX,FIXED-OBJECT,36.24939529,-95.70963864,2020,2020-01-22,6.1,1,0,N,       ,N,N,0,Sleet/Hail/Freezing Rain,Dark / Unlighted,6.0,20,0,Roadway Departure Right,0,N,0.0,D,20.0,20.0,M,Y,1.0,Apparently Normal,4.0,0,0,0,Inattention,Other,0,0,0,0,0,0,0,0,0,0,0,0,0,0,0,0,0,0,0,0,0,0,0,0,1,0,0,0,0,0,0,0,0,0,1,1,1
200291126,Rogers,northern,SH-66,State Highway,0,0.0,0.0,property_damage,0.0,0,0.0,0.0,0.0,REAR-END,REAR-END,36.25137767,-95.66639028,2020,2020-01-23,8.02,2,0,N,       ,N,N,0,Rain,Daylight,2.0,2,0,No Roadway Departure,0,N,0.0,D,20.0,34.0,F,Y,1.0,Apparently Normal,4.0,0,0,0,Inattention,Other,0,0,0,0,0,0,0,0,0,0,0,0,0,0,0,0,0,0,0,0,0,0,0,0,1,0,0,0,0,0,0,0,0,0,1,0,0
200292018,Cherokee,southern,US-62,US Route,1,0.0,0.0,property_damage,0.0,0,0.0,0.0,0.0,REAR-END,REAR-END,35.87045091,-94.976207,2019,2019-12-04,17.29,2,0,N,       ,N,N,0,Clear,Dark / Lighted,1.0,2,0,No Roadway Departure,0,N,0.0,D,2.0,19.0,F,Y,1.0,Apparently Normal,4.0,0,1,0,Inattention,Other Distraction Inside Vehicle,0,0,0,0,0,0,0,0,0,0,0,0,0,0,0,0,0,0,0,0,0,0,0,0,1,0,0,0,0,0,0,0,0,0,0,0,0
200292027,Cherokee,southern,US-62,US Route,1,0.0,0.0,property_damage,0.0,0,0.0,0.0,0.0,REAR-END,REAR-END,35.89004382,-94.9769647,2019,2019-12-13,23.39,2,0,N,       ,N,N,0,Clear,Dark / Lighted,1.0,2,0,No Roadway Departure,0,N,0.0,D,2.0,43.0,M,Y,1.0,Apparently Normal,4.0,0,0,0,Inattention,Other Distraction Inside Vehicle,0,0,0,0,0,0,0,0,0,0,0,0,0,0,0,0,0,0,0,0,0,0,0,0,1,0,0,0,0,0,0,0,0,0,0,0,0
200305058,Rogers,northern,SH-266,State Highway,1,0.0,0.0,non_incapacitating_injury,3.0,0,0.0,3.0,2.0,REAR-END,REAR-END,36.24977394,-95.70518762,2020,2020-01-25,13.45,2,0,N,       ,N,N,0,Clear,Daylight,1.0,4,0,No Roadway Departure,0,N,0.0,D,2.0,23.0,M,Y,2.0,Apparently Normal,4.0,0,0,0,Inattention,Other,0,0,0,0,0,0,0,0,0,0,0,0,0,0,0,0,0,0,0,0,0,0,0,0,1,0,0,0,0,0,0,0,0,0,0,0,0
200352009,Mayes,northern,US-69,US Route,0,0.0,0.0,property_damage,0.0,0,0.0,0.0,0.0,REAR-END,REAR-END,36.26038491,-95.33361278,2020,2020-01-13,16.12,2,0,N,       ,N,N,0,Clear,Daylight,1.0,2,0,No Roadway Departure,0,N,0.0,D,2.0,36.0,M,Y,1.0,Apparently Normal,3.0,0,0,0,Inattention,Other,0,0,0,0,0,0,0,0,0,0,0,0,0,0,0,0,0,0,0,0,0,0,0,0,1,0,0,0,0,0,0,0,0,0,0,0,0
200370791,Tulsa,northern,SH-20,State Highway,0,0.0,0.0,property_damage,0.0,0,0.0,0.0,0.0,REAR-END,REAR-END,36.32201413,-95.82010271,2020,2020-01-27,15.4,2,0,N,       ,N,N,0,Clear,Daylight,1.0,2,0,No Roadway Departure,0,N,0.0,D,20.0,30.0,M,Y,1.0,Apparently Normal,4.0,0,0,0,Inattention,Other Distraction Inside Vehicle,0,0,0,0,0,0,0,0,0,0,0,0,0,0,0,0,0,0,0,0,0,0,0,0,1,0,0,0,0,0,0,0,0,0,0,0,0
200370792,Tulsa,northern,,City Street,1,99.0,80.0,property_damage,0.0,0,0.0,0.0,0.0,REAR-END,REAR-END,36.3220643,-95.8481461,2020,2020-01-27,18.56,2,0,N,       ,N,N,0,Clear,Dark / Lighted,1.0,3,0,No Roadway Departure,0,N,0.0,D,2.0,19.0,F,Y,1.0,Apparently Normal,4.0,0,1,0,Inattention,Other Distraction Inside Vehicle,0,0,0,0,0,0,0,0,0,0,0,0,0,0,0,0,0,0,0,0,0,0,0,0,1,0,0,0,0,0,0,0,0,0,0,0,0
200370815,Washington,northern,,City Street,8,99.0,80.0,property_damage,0.0,0,0.0,0.0,0.0,SIDESWIPE-SAME,SIDESWIPE-SAME,36.7487322,-95.96788433,2020,2020-01-27,15.38,2,0,N,       ,N,N,0,Clear,Daylight,1.0,16,0,No Roadway Departure,0,N,0.0,D,2.0,71.0,F,Y,0.0,Apparently Normal,4.0,1,0,0,Inattention,Other,0,0,0,0,0,0,0,0,0,0,0,0,0,0,0,0,0,0,0,0,0,0,0,0,1,0,0,0,0,0,0,0,0,0,0,0,0
200370830,Washington,northern,US-75,US Route,1,0.0,0.0,property_damage,0.0,0,0.0,0.0,0.0,REAR-END,REAR-END,36.72801937,-95.93522262,2020,2020-01-13,14.17,2,0,N,       ,N,N,0,Cloudy,Daylight,1.0,2,0,No Roadway Departure,0,N,0.0,D,20.0,68.0,M,Y,0.0,Apparently Normal,4.0,1,0,0,Inattention,Other,0,0,0,0,0,0,0,0,0,0,0,0,0,0,0,0,0,0,0,0,0,0,0,0,1,0,0,0,0,0,0,0,0,0,0,0,0
200380663,Mayes,northern,SH-82,State Highway,0,1.0,0.0,possible_injury,0.0,0,0.0,0.0,1.0,ANGLE-TURNING,ANGLE-TURNING,36.20284937,-95.15890066,2019,2019-12-23,13.39,2,0,N,       ,N,N,0,Clear,Daylight,1.0,7,0,No Roadway Departure,0,N,2.0,D,2.0,32.0,F,Y,2.0,Dizzy/Faint,99.0,0,0,1,Inattention,Other,0,0,0,0,0,0,0,0,0,0,0,0,0,0,0,0,0,0,0,0,0,0,0,0,1,0,0,0,0,0,0,0,0,0,0,0,0
200412792,Rogers,northern,SH-266,State Highway,0,0.0,0.0,property_damage,0.0,0,0.0,0.0,0.0,REAR-END,REAR-END,36.24996027,-95.69283763,2020,2020-02-03,18.26,2,0,N,       ,N,N,0,Clear,Dark / Unknown Lighting,1.0,3,0,No Roadway Departure,0,N,0.0,D,4.0,38.0,M,Y,1.0,Apparently Normal,4.0,0,0,0,Inattention,Distraction from Outside Vehicle,0,0,0,0,0,0,0,0,0,0,0,0,0,0,0,0,0,0,0,0,0,0,0,0,1,0,0,0,0,0,0,0,0,0,0,0,0
200432591,Rogers,northern,SH-66,State Highway,1,0.0,0.0,property_damage,0.0,0,0.0,0.0,0.0,REAR-END,REAR-END,36.19159126,-95.73387631,2020,2020-01-14,18.0,2,0,N,       ,N,N,0,Clear,Dark / Lighted,1.0,2,0,No Roadway Departure,0,N,0.0,D,20.0,31.0,F,Y,1.0,Apparently Normal,99.0,0,0,0,Inattention,Other Distraction Inside Vehicle,0,0,0,0,0,0,0,0,0,0,0,0,0,0,0,0,0,0,0,0,0,0,0,0,1,0,0,0,0,0,0,0,0,0,0,0,0
200442139,Rogers,northern,SH-266,State Highway,1,0.0,0.0,property_damage,0.0,0,0.0,0.0,0.0,REAR-END,REAR-END,36.24925296,-95.72302031,2020,2020-02-08,16.27,2,0,N,       ,N,N,0,Clear,Daylight,1.0,2,0,No Roadway Departure,0,N,0.0,D,2.0,42.0,F,Y,1.0,Apparently Normal,4.0,0,0,0,Inattention,Other,0,0,0,0,0,0,0,0,0,0,0,0,0,0,0,0,0,0,0,0,0,0,0,0,1,0,0,0,0,0,0,0,0,0,0,0,0
200453192,Rogers,northern,SH-66,State Highway,1,0.0,0.0,property_damage,0.0,0,0.0,0.0,0.0,REAR-END,REAR-END,36.27786311,-95.64047604,2020,2020-02-10,11.45,2,0,N,       ,N,N,0,Cloudy,Daylight,1.0,2,0,No Roadway Departure,0,N,0.0,D,21.0,42.0,M,Y,1.0,Apparently Normal,4.0,0,0,0,Inattention,Other,0,0,0,0,0,0,0,0,0,0,0,0,0,0,0,0,0,0,0,0,0,0,0,0,1,0,0,0,0,0,0,0,0,0,0,0,0
200552389,Delaware,northern,US-59,US Route,0,0.0,0.0,property_damage,0.0,0,0.0,0.0,0.0,REAR-END,REAR-END,36.41563706,-94.81044822,2020,2020-02-10,16.55,2,0,N,       ,N,N,0,Cloudy,Daylight,2.0,2,0,No Roadway Departure,0,N,2.0,D,21.0,28.0,F,Y,1.0,Apparently Normal,4.0,0,0,0,Inattention,Other,0,0,0,0,0,0,0,0,0,0,0,0,0,0,0,0,0,0,0,0,0,0,0,0,1,0,0,0,0,0,0,0,0,0,0,0,0
200662941,Delaware,northern,US-59,US Route,1,0.0,0.0,property_damage,0.0,0,0.0,0.0,0.0,REAR-END,REAR-END,36.58164233,-94.76912929,2019,2019-12-02,12.41,2,0,N,       ,N,N,0,Clear,Daylight,1.0,3,0,No Roadway Departure,0,N,9.0,D,2.0,18.0,F,Y,1.0,Apparently Normal,4.0,0,1,0,Inattention,Other,0,0,0,0,0,0,0,0,0,0,0,0,0,0,0,0,0,0,0,0,0,0,0,0,1,0,0,0,0,0,0,0,0,0,0,0,0
200662950,Delaware,northern,US-59,US Route,0,72.0,0.0,property_damage,0.0,0,0.0,0.0,0.0,REAR-END,REAR-END,36.58149734,-94.76912607,2019,2019-12-11,8.09,2,0,N,       ,N,N,0,Cloudy,Daylight,1.0,2,0,No Roadway Departure,0,N,2.0,D,4.0,21.0,M,Y,1.0,Apparently Normal,4.0,0,0,0,Inattention,Distraction from Outside Vehicle,0,0,0,0,0,0,0,0,0,0,0,0,0,0,0,0,0,0,0,0,0,0,0,0,1,0,0,0,0,0,0,0,0,0,0,0,0
200662951,Delaware,northern,US-59,US Route,1,0.0,0.0,property_damage,0.0,0,0.0,0.0,0.0,REAR-END,REAR-END,36.59398876,-94.77864113,2019,2019-12-17,16.06,3,0,N,       ,N,N,0,Cloudy,Daylight,1.0,2,0,No Roadway Departure,0,N,9.0,D,4.0,61.0,M,Y,1.0,Apparently Normal,4.0,0,0,0,Inattention,Other Distraction Inside Vehicle,0,0,0,0,0,0,0,0,0,0,0,0,0,0,0,0,0,0,0,0,0,0,0,0,1,0,0,0,0,0,0,0,0,0,0,0,0
200662953,Delaware,northern,US-59,US Route,1,0.0,0.0,property_damage,0.0,0,0.0,0.0,0.0,REAR-END,REAR-END,36.58251242,-94.7691367,2019,2019-12-18,17.44,2,0,N,       ,N,N,0,Clear,Dark / Unlighted,1.0,2,0,No Roadway Departure,0,N,9.0,D,2.0,48.0,M,Y,1.0,Apparently Normal,4.0,0,0,0,Inattention,Other,0,0,0,0,0,0,0,0,0,0,0,0,0,0,0,0,0,0,0,0,0,0,0,0,1,0,0,0,0,0,0,0,0,0,0,1,0