crash_id,county,region,highway_name,highway_class,intersection_rel,special_feature_1,special_feature_2,severity_level,visual_injured_num,fatal_num,suspected_serious_injured_num,non_incapacitated_injured_num,possibly_injured_num,crash_type,main_crash_type,latitude,longitude,year,date,time,number_of_vehicles,number_of_commercial_vehicles,work_zone,railroad_crossing,alcohol,drug,Alcohol or Drug,weather_condition,lighting_condition,road_condition,manner_of_collision,pedestrians_num,roadway_departure,cross_centerline,hit_and_run,emergency_vehicle_use,unit_type,vehicle_type,age,sex,driver_of_vehicle,injury_severity,person_condition,restraint_use,older_driver,teen_driver,Sleepy/Ill/Dizzy Driver,unsafe_unlaw_category,unsafe_unlaw_desc,Abnormal Traffic Control,Alcohol-DUI/DWI,Animal in Roadway,Apparently Sleepy,Avoiding Other Vehicle,Avoiding Pedestrian,Changed Lanes Unsafely,Deer in Roadway,Defect in Roadway,Disregarded Warning Signal,Domestic Animal in Roadway,Drug-DUI,Failed to Secure Load,Failed to Signal,Failed to Stop,Failed to Yield,Followed too Closely,Improper Backing,Improper Bicyclist Action,Improper Overtaking,Improper Parking,Improper Start From,Improper Turn,Improper Use of Lane,Distraction,Left of Center,No Improper Action by Driver,Object/Debris in Roadway,Other Improper Act/Movement,Pedestrian Action,Stopped in Traffic Lane,Speeding,Unsafe Vehicle,Wrong Way,Bad Weather,Bad Lighting,Bad Road Condition
202060991,Mayes,northern,US-69,US Route,1,0.0,0.0,property_damage,0.0,0,0.0,0.0,0.0,F-O TRAFF-SIGNAL,FIXED-OBJECT,36.26167481,-95.33336512,2020,2020-06-01,3.47,1,0,N,       ,N,N,0,Clear,Dark / Unknown Lighting,1.0,19,0,Roadway Departure Left,0,N,0.0,D,4.0,37.0,F,Y,1.0,Ill (Sick),4.0,0,0,1,Inattention,Other,0,0,0,0,0,0,0,0,0,0,0,0,0,0,0,0,0,0,0,0,0,0,0,0,1,0,0,0,0,0,0,0,0,0,0,0,0
202061005,Rogers,northern,SH-266,State Highway,1,0.0,0.0,possible_injury,0.0,0,0.0,0.0,2.0,REAR-END,REAR-END,36.24977394,-95.70518762,2020,2020-07-21,24.0,2,0,N,       ,N,N,0,Clear,Daylight,1.0,4,0,Roadway Departure Right,0,N,0.0,D,4.0,57.0,M,Y,1.0,Apparently Normal,4.0,0,0,0,Inattention,Other,0,0,0,0,0,0,0,0,0,0,0,0,0,0,0,0,0,0,0,0,0,0,0,0,1,0,0,0,0,0,0,0,0,0,0,0,0
202091973,Tulsa,northern,,City Street,1,0.0,0.0,possible_injury,0.0,0,0.0,0.0,2.0,REAR-END,REAR-END,36.26404029,-95.88399343,2020,2020-07-09,6.49,2,0,N,       ,N,N,0,Clear,Dawn,1.0,2,0,No Roadway Departure,0,N,0.0,D,20.0,29.0,F,Y,1.0,Apparently Normal,4.0,0,0,0,Inattention,Other,0,0,0,0,0,0,0,0,0,0,0,0,0,0,0,0,0,0,0,0,0,0,0,0,1,0,0,0,0,0,0,0,0,0,0,1,0
202091981,Tulsa,northern,SH-20,State Highway,1,0.0,0.0,possible_injury,0.0,0,0.0,0.0,2.0,REAR-END,REAR-END,36.32201941,-95.81956505,2020,2020-07-17,15.06,2,0,N,       ,N,N,0,Clear,Daylight,1.0,2,0,No Roadway Departure,0,N,0.0,D,1.0,29.0,M,Y,1.0,Apparently Normal,4.0,0,0,0,Inattention,Other,0,0,0,0,0,0,0,0,0,0,0,0,0,0,0,0,0,0,0,0,0,0,0,0,1,0,0,0,0,0,0,0,0,0,0,0,0
202091988,Tulsa,northern,,City Street,1,0.0,0.0,property_damage,0.0,0,0.0,0.0,0.0,RIGHT-ANGLE,RIGHT-ANGLE,36.264046,-95.8563109,2020,2020-07-13,9.06,2,0,N,       ,N,N,0,Rain,Daylight,2.0,1,0,No Roadway Departure,0,N,0.0,D,13.0,68.0,M,Y,1.0,Apparently Normal,4.0,1,0,0,Inattention,Other,0,0,0,0,0,0,0,0,0,0,0,0,0,0,0,0,0,0,0,0,0,0,0,0,1,0,0,0,0,0,0,0,0,0,1,0,0
202092014,Tulsa,northern,,City Street,1,0.0,0.0,non_incapacitating_injury,1.0,0,0.0,1.0,1.0,REAR-END,REAR-END,36.2640899,-95.86621,2020,2020-06-30,7.12,2,0,N,       ,N,N,0,Clear,Daylight,1.0,4,0,No Roadway Departure,0,N,0.0,D,20.0,44.0,F,Y,2.0,Apparently Normal,4.0,0,0,0,Inattention,Other,0,0,0,0,0,0,0,0,0,0,0,0,0,0,0,0,0,0,0,0,0,0,0,0,1,0,0,0,0,0,0,0,0,0,0,0,0
202102185,Delaware,northern,US-59,US Route,0,1.0,0.0,property_damage,0.0,0,0.0,0.0,0.0,ANGLE-TURNING,ANGLE-TURNING,36.57295588,-94.76938446,2020,2020-05-22,21.25,2,0,N,       ,N,N,0,Clear,Dark / Lighted,1.0,12,0,No Roadway Departure,0,N,0.0,D,2.0,19.0,M,Y,1.0,Apparently Normal,4.0,0,1,0,Inattention,Other Distraction Inside Vehicle,0,0,0,0,0,0,0,0,0,0,0,0,0,0,0,0,0,0,0,0,0,0,0,0,1,0,0,0,0,0,0,0,0,0,0,0,0
202171360,Sequoyah,southern,I-40,Interstate,1,21.0,0.0,possible_injury,0.0,0,0.0,0.0,1.0,REAR-END,REAR-END,35.40528976,-94.52554161,2020,2020-07-15,13.0,2,0,N,       ,N,N,0,Clear,Daylight,1.0,2,0,No Roadway Departure,0,N,0.0,D,21.0,70.0,M,Y,1.0,Apparently Normal,99.0,1,0,0,Inattention,Other,0,0,0,0,0,0,0,0,0,0,0,0,0,0,0,0,0,0,0,0,0,0,0,0,1,0,0,0,0,0,0,0,0,0,0,0,0
202180552,Washington,northern,US-60,US Route,1,0.0,0.0,possible_injury,0.0,0,0.0,0.0,1.0,REAR-END,REAR-END,36.74618003,-95.96737988,2020,2020-07-27,17.51,3,0,N,       ,N,N,0,Rain,Daylight,2.0,2,0,No Roadway Departure,0,N,0.0,D,4.0,21.0,M,Y,1.0,Apparently Normal,4.0,0,0,0,Inattention,Other,0,0,0,0,0,0,0,0,0,0,0,0,0,0,0,0,0,0,0,0,0,0,0,0,1,0,0,0,0,0,0,0,0,0,1,0,0
202180579,Washington,northern,US-60,US Route,1,0.0,0.0,property_damage,0.0,0,0.0,0.0,0.0,REAR-END,REAR-END,36.74260797,-95.95390299,2020,2020-07-10,15.19,2,0,N,       ,N,N,0,Clear,Daylight,1.0,2,0,No Roadway Departure,0,N,0.0,D,20.0,76.0,M,Y,1.0,Apparently Normal,4.0,1,0,0,Inattention,Other,0,0,0,0,0,0,0,0,0,0,0,0,0,0,0,0,0,0,0,0,0,0,0,0,1,0,0,0,0,0,0,0,0,0,0,0,0
202191630,Tulsa,northern,SH-20,State Highway,0,0.0,0.0,property_damage,0.0,0,0.0,0.0,0.0,REAR-END,REAR-END,36.36449657,-95.83489015,2020,2020-05-20,13.3,2,0,N,       ,N,N,0,Clear,Daylight,1.0,2,0,No Roadway Departure,0,N,0.0,D,4.0,18.0,M,Y,1.0,Apparently Normal,4.0,0,1,0,Inattention,Other Distraction Inside Vehicle,0,0,0,0,0,0,0,0,0,0,0,0,0,0,0,0,0,0,0,0,0,0,0,0,1,0,0,0,0,0,0,0,0,0,0,0,0
202191635,Tulsa,northern,SH-20,State Highway,0,0.0,0.0,property_damage,0.0,0,0.0,0.0,0.0,REAR-END,REAR-END,36.36446305,-95.82789645,2020,2020-06-29,8.3,2,0,N,       ,N,N,0,Clear,Daylight,1.0,3,0,Roadway Departure Right,0,N,0.0,D,99.0,30.0,M,Y,1.0,Apparently Normal,99.0,0,0,0,Inattention,Other Distraction Inside Vehicle,0,0,0,0,0,0,0,0,0,0,0,0,0,0,0,0,0,0,0,0,0,0,0,0,1,0,0,0,0,0,0,0,0,0,0,0,0
202232444,Cherokee,southern,US-62,US Route,1,0.0,0.0,property_damage,0.0,0,0.0,0.0,0.0,REAR-END,REAR-END,35.85814985,-94.97976013,2020,2020-07-02,14.25,2,0,N,       ,N,N,0,Clear,Daylight,1.0,2,0,No Roadway Departure,0,N,0.0,D,20.0,35.0,F,Y,1.0,Apparently Normal,4.0,0,0,0,Inattention,Distraction from Outside Vehicle,0,0,0,0,0,0,0,0,0,0,0,0,0,0,0,0,0,0,0,0,0,0,0,0,1,0,0,0,0,0,0,0,0,0,0,0,0
202370623,Nowata,northern,US-169,US Route,1,0.0,0.0,property_damage,0.0,0,0.0,0.0,0.0,REAR-END,REAR-END,36.70014334,-95.62962693,2020,2020-06-07,2.41,2,1,N,       ,N,N,0,Clear,Dark / Lighted,1.0,2,0,No Roadway Departure,0,N,0.0,D,4.0,22.0,F,Y,1.0,Apparently Normal,4.0,0,0,0,Inattention,Other Distraction Inside Vehicle,0,0,0,0,0,0,0,0,0,0,0,0,0,0,0,0,0,0,0,0,0,0,0,0,1,0,0,0,0,0,0,0,0,0,0,0,0
202371100,Mayes,northern,US-69,US Route,1,0.0,0.0,property_damage,0.0,0,0.0,0.0,0.0,REAR-END,REAR-END,36.3080925,-95.31837984,2020,2020-08-07,15.03,2,0,N,       ,N,N,0,Cloudy,Daylight,1.0,2,0,No Roadway Departure,0,N,0.0,D,20.0,33.0,F,Y,1.0,Apparently Normal,4.0,0,0,0,Inattention,Other,0,0,0,0,0,0,0,0,0,0,0,0,0,0,0,0,0,0,0,0,0,0,0,0,1,0,0,0,0,0,0,0,0,0,0,0,0
202371101,Mayes,northern,SH-20,State Highway,0,0.0,0.0,non_incapacitating_injury,1.0,0,0.0,1.0,0.0,F-O CURB,FIXED-OBJECT,36.30559315,-95.30626589,2020,2020-08-09,13.44,1,0,N,       ,N,N,0,Cloudy,Daylight,1.0,19,0,Roadway Departure Left,1,N,0.0,D,4.0,65.0,M,Y,3.0,Apparently Normal,1.0,1,0,0,Inattention,Other,0,0,0,0,0,0,0,0,0,0,0,0,0,0,0,0,0,0,0,0,0,0,0,0,1,0,0,0,0,0,0,0,0,0,0,0,0
202382180,Sequoyah,southern,US-59,US Route,1,0.0,0.0,property_damage,0.0,0,0.0,0.0,0.0,REAR-END,REAR-END,35.46068802,-94.78703778,2020,2020-07-29,13.28,2,0,N,       ,N,N,0,Rain,Daylight,2.0,3,0,No Roadway Departure,0,N,0.0,D,4.0,18.0,M,Y,1.0,Apparently Normal,4.0,0,1,0,Inattention,Other,0,0,0,0,0,0,0,0,0,0,0,0,0,0,0,0,0,0,0,0,0,0,0,0,1,0,0,0,0,0,0,0,0,0,1,0,0
202382184,Tulsa,northern,US-169,US Route,0,0.0,0.0,property_damage,0.0,0,0.0,0.0,0.0,OTHER,OTHER,36.31992007,-95.82103851,2020,2020-07-31,16.46,1,0,N,       ,Y,N,1,Clear,Daylight,1.0,19,0,Roadway Departure Left,0,N,0.0,D,2.0,48.0,M,Y,1.0,Apparently Normal,99.0,0,0,0,Inattention,Other,0,0,0,0,0,0,0,0,0,0,0,0,0,0,0,0,0,0,0,0,0,0,0,0,1,0,0,0,0,0,0,0,0,0,0,0,0
202382223,Tulsa,northern,,City Street,5,80.0,99.0,property_damage,0.0,0,0.0,0.0,0.0,REAR-END,REAR-END,36.28493218,-95.83019212,2020,2020-08-12,21.5,2,0,N,       ,N,N,0,Clear,Dark / Unlighted,1.0,2,0,No Roadway Departure,0,N,0.0,D,20.0,17.0,F,Y,1.0,Apparently Normal,4.0,0,1,0,Inattention,Other Distraction Inside Vehicle,0,0,0,0,0,0,0,0,0,0,0,0,0,0,0,0,0,0,0,0,0,0,0,0,1,0,0,0,0,0,0,0,0,0,0,1,0
202393417,Rogers,northern,SH-66,State Highway,0,0.0,0.0,possible_injury,0.0,0,0.0,0.0,1.0,F-O UTIL-POLE,FIXED-OBJECT,36.29433285,-95.62989758,2020,2020-07-05,23.29,1,0,N,       ,N,N,0,Clear,Dark / Lighted,1.0,19,0,Roadway Departure Left,1,N,0.0,D,4.0,17.0,M,Y,2.0,Apparently Normal,4.0,0,1,0,Inattention,Other Distraction Inside Vehicle,0,0,0,0,0,0,0,0,0,0,0,0,0,0,0,0,0,0,0,0,0,0,0,0,1,0,0,0,0,0,0,0,0,0,0,0,0
202393418,Rogers,northern,SH-20,State Highway,1,71.0,0.0,non_incapacitating_injury,1.0,0,0.0,1.0,1.0,SIDESWIPE-OPP,SIDESWIPE-OPP,36.30741131,-95.5972144,2020,2020-07-06,5.47,2,0,N,       ,N,N,0,Clear,Dawn,1.0,17,1,No Roadway Departure,0,N,0.0,D,2.0,48.0,M,Y,2.0,Apparently Normal,1.0,0,0,0,Inattention,Distraction from Outside Vehicle,0,0,0,0,0,0,0,0,0,0,0,0,0,0,0,0,0,0,0,0,0,0,0,0,1,0,0,0,0,0,0,0,0,0,0,1,0
202393432,Rogers,northern,,City Street,1,0.0,0.0,incapacitating_injury,1.0,0,1.0,0.0,0.0,REAR-END,REAR-END,36.3121889,-95.6177332,2020,2020-07-16,12.08,3,0,N,       ,N,N,0,Cloudy,Daylight,1.0,2,0,No Roadway Departure,0,N,0.0,D,20.0,56.0,M,Y,1.0,Apparently Normal,4.0,0,0,0,Inattention,Distraction from Outside Vehicle,0,0,0,0,0,0,0,0,0,0,0,0,0,0,0,0,0,0,0,0,0,0,0,0,1,0,0,0,0,0,0,0,0,0,0,0,0
202442235,Adair,southern,SH-51,State Highway,0,0.0,0.0,possible_injury,0.0,0,0.0,0.0,1.0,F-O DITCH,FIXED-OBJECT,35.83741241,-94.63112395,2020,2020-06-13,0.3,1,0,N,       ,N,N,0,Clear,Dark / Unlighted,1.0,20,0,Roadway Departure Right,0,N,0.0,D,2.0,33.0,M,Y,1.0,Apparently Normal,99.0,0,0,0,Inattention,Other,0,0,0,0,0,0,0,0,0,0,0,0,0,0,0,0,0,0,0,0,0,0,0,0,1,0,0,0,0,0,0,0,0,0,0,1,0
202442239,Adair,southern,SH-51,State Highway,1,0.0,0.0,possible_injury,0.0,0,0.0,0.0,1.0,REAR-END,REAR-END,35.82666172,-94.61254163,2020,2020-06-24,15.05,2,0,N,       ,N,N,0,Clear,Daylight,1.0,4,0,No Roadway Departure,0,N,0.0,D,2.0,29.0,M,Y,1.0,Apparently Normal,1.0,0,0,0,Inattention,Other,0,0,0,0,0,0,0,0,0,0,0,0,0,0,0,0,0,0,0,0,0,0,0,0,1,0,0,0,0,0,0,0,0,0,0,0,0
202462055,Rogers,northern,SH-266,State Highway,1,0.0,0.0,possible_injury,0.0,0,0.0,0.0,1.0,REAR-END,REAR-END,36.24892406,-95.71641131,2020,2020-08-24,17.4,3,0,N,       ,N,N,0,Clear,Daylight,1.0,2,0,Roadway Departure Right,0,N,0.0,D,1.0,21.0,M,Y,1.0,Apparently Normal,4.0,0,0,0,Inattention,Other,0,0,0,0,0,0,0,0,0,0,0,0,0,0,0,0,0,0,0,0,0,0,0,0,1,0,0,0,0,0,0,0,0,0,0,0,0
202481599,Mayes,northern,US-69,US Route,0,0.0,0.0,non_incapacitating_injury,2.0,0,0.0,2.0,0.0,REAR-END,REAR-END,36.2833505,-95.32776598,2020,2020-08-05,22.37,2,0,N,       ,N,N,0,Clear,Dark / Unlighted,1.0,3,0,Roadway Departure Right,0,N,0.0,D,1.0,25.0,M,Y,3.0,Apparently Normal,1.0,0,0,0,Inattention,Other,0,0,0,0,0,0,0,0,0,0,0,0,0,0,0,0,0,0,0,0,0,0,0,0,1,0,0,0,0,0,0,0,0,0,0,1,0
202481600,Mayes,northern,,City Street,5,80.0,99.0,property_damage,0.0,0,0.0,0.0,0.0,ANGLE-TURNING,ANGLE-TURNING,36.29952731,-95.3127494,2020,2020-08-13,15.5,2,0,N,       ,N,N,0,Cloudy,Daylight,1.0,10,0,No Roadway Departure,0,N,0.0,D,4.0,43.0,M,Y,1.0,Apparently Normal,4.0,0,0,0,Inattention,Other,0,0,0,0,0,0,0,0,0,0,0,0,0,0,0,0,0,0,0,0,0,0,0,0,1,0,0,0,0,0,0,0,0,0,0,0,0
202522634,Washington,northern,US-60,US Route,1,0.0,0.0,property_damage,0.0,0,0.0,0.0,0.0,REAR-END,REAR-END,36.72801937,-95.93522262,2020,2020-08-25,18.54,2,0,N,       ,N,N,0,Clear,Daylight,1.0,2,0,No Roadway Departure,0,N,0.0,D,1.0,58.0,F,Y,0.0,Apparently Normal,4.0,0,0,0,Inattention,Other Distraction Inside Vehicle,0,0,0,0,0,0,0,0,0,0,0,0,0,0,0,0,0,0,0,0,0,0,0,0,1,0,0,0,0,0,0,0,0,0,0,0,0
202522641,Washington,northern,US-60,US Route,0,0.0,0.0,property_damage,0.0,0,0.0,0.0,0.0,OTHER,OTHER,36.74617064,-95.96359603,2020,2020-08-18,16.09,1,0,N,       ,N,N,0,Clear,Daylight,1.0,19,0,No Roadway Departure,0,N,0.0,D,2.0,62.0,M,Y,1.0,Unknown,4.0,0,0,0,Inattention,Other,0,0,0,0,0,0,0,0,0,0,0,0,0,0,0,0,0,0,0,0,0,0,0,0,1,0,0,0,0,0,0,0,0,0,0,0,0
202522647,Washington,northern,US-60,US Route,0,0.0,0.0,possible_injury,0.0,0,0.0,0.0,1.0,REAR-END,REAR-END,36.7472678,-95.98258445,2020,2020-08-13,17.39,2,0,N,       ,N,N,0,Clear,Daylight,1.0,2,0,No Roadway Departure,0,N,0.0,D,2.0,36.0,M,Y,1.0,Apparently Normal,4.0,0,0,0,Inattention,Other Distraction Inside Vehicle,0,0,0,0,0,0,0,0,0,0,0,0,0,0,0,0,0,0,0,0,0,0,0,0,1,0,0,0,0,0,0,0,0,0,0,0,0
202522662,Washington,northern,US-75,US Route,1,0.0,0.0,property_damage,0.0,0,0.0,0.0,0.0,REAR-END,REAR-END,36.74556401,-95.93531654,2020,2020-08-04,21.08,2,0,N,       ,N,N,0,Clear,Dark / Lighted,1.0,2,0,No Roadway Departure,0,N,0.0,D,20.0,20.0,M,Y,1.0,Apparently Normal,4.0,0,0,0,Inattention,Other Distraction Inside Vehicle,0,0,0,0,0,0,0,0,0,0,0,0,0,0,0,0,0,0,0,0,0,0,0,0,1,0,0,0,0,0,0,0,0,0,0,0,0
202522664,Washington,northern,US-60,US Route,1,0.0,0.0,property_damage,0.0,0,0.0,0.0,0.0,REAR-END,REAR-END,36.74734655,-95.98311609,2020,2020-08-03,10.03,2,0,N,       ,N,N,0,Clear,Daylight,1.0,2,0,No Roadway Departure,0,N,0.0,D,4.0,76.0,M,Y,1.0,Apparently Normal,4.0,1,0,0,Inattention,Distraction from Outside Vehicle,0,0,0,0,0,0,0,0,0,0,0,0,0,0,0,0,0,0,0,0,0,0,0,0,1,0,0,0,0,0,0,0,0,0,0,0,0
202522699,Delaware,northern,US-59,US Route,0,1.0,0.0,possible_injury,0.0,0,0.0,0.0,1.0,REAR-END,REAR-END,36.41315013,-94.81508238,2020,2020-08-21,17.57,2,0,N,       ,N,N,0,Clear,Daylight,1.0,4,0,No Roadway Departure,0,N,0.0,D,2.0,15.0,M,Y,1.0,Apparently Normal,4.0,0,1,0,Inattention,Other,0,0,0,0,0,0,0,0,0,0,0,0,0,0,0,0,0,0,0,0,0,0,0,0,1,0,0,0,0,0,0,0,0,0,0,0,0
202522710,Delaware,northern,US-59,US Route,0,0.0,0.0,possible_injury,0.0,0,0.0,0.0,1.0,OTHER,OTHER,36.42236865,-94.79292825,2020,2020-09-03,10.52,2,0,N,       ,N,N,0,Clear,Daylight,1.0,21,0,No Roadway Departure,0,N,0.0,D,2.0,77.0,F,Y,1.0,Apparently Normal,4.0,1,0,0,Inattention,Other,0,0,0,0,0,0,0,0,0,0,0,0,0,0,0,0,0,0,0,0,0,0,0,0,1,0,0,0,0,0,0,0,0,0,0,0,0
202583788,Rogers,northern,SH-20,State Highway,1,0.0,0.0,property_damage,0.0,0,0.0,0.0,0.0,RIGHT-ANGLE,RIGHT-ANGLE,36.31739148,-95.63102169,2020,2020-08-02,19.49,2,0,N,       ,N,N,0,Clear,Daylight,1.0,1,0,No Roadway Departure,0,N,0.0,D,20.0,61.0,F,Y,1.0,Apparently Normal,4.0,0,0,0,Inattention,Other,0,0,0,0,0,0,0,0,0,0,0,0,0,0,0,0,0,0,0,0,0,0,0,0,1,0,0,0,0,0,0,0,0,0,0,0,0
202601156,Tulsa,northern,US-169,US Route,0,0.0,0.0,non_incapacitating_injury,1.0,0,0.0,1.0,0.0,REAR-END,REAR-END,36.26395511,-95.84792516,2020,2020-08-17,15.29,2,0,N,       ,N,N,0,Clear,Daylight,1.0,2,0,No Roadway Departure,0,N,0.0,D,4.0,34.0,M,Y,1.0,Apparently Normal,4.0,0,0,0,Inattention,Distraction from Outside Vehicle,0,0,0,0,0,0,0,0,0,0,0,0,0,0,0,0,0,0,0,0,0,0,0,0,1,0,0,0,0,0,0,0,0,0,0,0,0
202601157,Tulsa,northern,US-169,US Route,1,20.0,0.0,property_damage,0.0,0,0.0,0.0,0.0,REAR-END,REAR-END,36.29309477,-95.83380105,2020,2020-08-19,16.59,3,0,N,       ,N,N,0,Clear,Daylight,1.0,2,0,No Roadway Departure,0,N,0.0,D,2.0,30.0,M,Y,1.0,Unknown,4.0,0,0,0,Inattention,Other Distraction Inside Vehicle,0,0,0,0,0,0,0,0,0,0,0,0,0,0,0,0,0,0,0,0,0,0,0,0,1,0,0,0,0,0,0,0,0,0,0,0,0
202621486,Washington,northern,US-75,US Route,1,0.0,0.0,property_damage,0.0,0,0.0,0.0,0.0,REAR-END,REAR-END,36.7504926,-95.93544353,2020,2020-08-06,11.26,3,0,N,       ,N,N,0,Cloudy,Daylight,1.0,2,0,No Roadway Departure,0,N,0.0,D,4.0,19.0,F,Y,1.0,Apparently Normal,4.0,0,1,0,Inattention,Other,0,0,0,0,0,0,0,0,0,0,0,0,0,0,0,0,0,0,0,0,0,0,0,0,1,0,0,0,0,0,0,0,0,0,0,0,0
202621513,Rogers,northern,SH-266,State Highway,1,0.0,0.0,property_damage,0.0,0,0.0,0.0,0.0,REAR-END,REAR-END,36.24977394,-95.70518762,2020,2020-09-12,18.02,2,0,N,       ,N,N,0,Clear,Daylight,1.0,5,0,No Roadway Departure,0,N,0.0,D,4.0,49.0,M,Y,0.0,Apparently Normal,4.0,0,0,0,Inattention,Other,0,0,0,0,0,0,0,0,0,0,0,0,0,0,0,0,0,0,0,0,0,0,0,0,1,0,0,0,0,0,0,0,0,0,0,0,0
202651191,Mayes,northern,US-69,US Route,1,0.0,0.0,property_damage,0.0,0,0.0,0.0,0.0,REAR-END,REAR-END,36.29070299,-95.32499434,2020,2020-09-01,14.24,2,1,N,       ,N,N,0,Cloudy,Daylight,1.0,2,0,No Roadway Departure,0,N,0.0,D,10.0,43.0,M,Y,1.0,Apparently Normal,4.0,0,0,0,Inattention,Other,0,0,0,0,0,0,0,0,0,0,0,0,0,0,0,0,0,0,0,0,0,0,0,0,1,0,0,0,0,0,0,0,0,0,0,0,0
202651512,Mayes,northern,US-69,US Route,1,0.0,0.0,property_damage,0.0,0,0.0,0.0,0.0,REAR-END,REAR-END,36.30440108,-95.31976801,2020,2020-09-11,16.47,2,0,N,       ,N,N,0,Cloudy,Daylight,1.0,2,0,No Roadway Departure,0,N,0.0,D,4.0,62.0,M,Y,1.0,Apparently Normal,4.0,0,0,0,Inattention,Other,0,0,0,0,0,0,0,0,0,0,0,0,0,0,0,0,0,0,0,0,0,0,0,0,1,0,0,0,0,0,0,0,0,0,0,0,0
202651514,Mayes,northern,US-69,US Route,0,0.0,0.0,property_damage,0.0,0,0.0,0.0,0.0,REAR-END,REAR-END,36.26024159,-95.3336403,2020,2020-09-10,11.47,2,0,N,       ,N,N,0,Rain,Daylight,2.0,2,0,No Roadway Departure,0,N,0.0,D,2.0,62.0,F,Y,1.0,Apparently Normal,4.0,0,0,0,Inattention,Other,0,0,0,0,0,0,0,0,0,0,0,0,0,0,0,0,0,0,0,0,0,0,0,0,1,0,0,0,0,0,0,0,0,0,1,0,0
202661887,Muskogee,southern,,City Street,1,0.0,0.0,non_incapacitating_injury,2.0,0,0.0,2.0,0.0,F-O DROP-OFF,FIXED-OBJECT,35.7551412,-95.321163,2020,2020-08-26,18.02,1,0,N,       ,N,N,0,Cloudy,Daylight,1.0,20,0,Roadway Departure Right,0,N,0.0,D,2.0,42.0,F,Y,3.0,Apparently Normal,4.0,0,0,0,Inattention,Other Distraction Inside Vehicle,0,0,0,0,0,0,0,0,0,0,0,0,0,0,0,0,0,0,0,0,0,0,0,0,1,0,0,0,0,0,0,0,0,0,0,0,0
202681945,Delaware,northern,SH-85A,State Highway,0,1.0,0.0,property_damage,0.0,0,0.0,0.0,0.0,F-O DITCH,FIXED-OBJECT,36.63515128,-94.87361521,2020,2020-09-20,8.38,1,0,N,       ,N,N,0,Clear,Daylight,1.0,20,0,Fixed Object,0,N,0.0,D,20.0,28.0,M,Y,0.0,Apparently Normal,4.0,0,0,0,Inattention,Other,0,0,0,0,0,0,0,0,0,0,0,0,0,0,0,0,0,0,0,0,0,0,0,0,1,0,0,0,0,0,0,0,0,0,0,0,0
202690816,Craig,northern,US-69,US Route,0,0.0,0.0,property_damage,0.0,0,0.0,0.0,0.0,F-O UTIL-POLE,FIXED-OBJECT,36.60387447,-95.21564791,2020,2020-09-07,12.45,1,0,N,       ,N,N,0,Clear,Daylight,1.0,20,0,Roadway Departure Right,0,N,0.0,D,2.0,45.0,F,Y,0.0,Apparently Normal,4.0,0,0,0,Inattention,Other,0,0,0,0,0,0,0,0,0,0,0,0,0,0,0,0,0,0,0,0,0,0,0,0,1,0,0,0,0,0,0,0,0,0,0,0,0
202690887,Mayes,northern,SH-20,State Highway,1,0.0,0.0,property_damage,0.0,0,0.0,0.0,0.0,F-O CULVERT,FIXED-OBJECT,36.29290892,-95.148594,2020,2020-09-14,5.57,1,0,N,       ,N,N,0,Clear,Dark / Lighted,1.0,20,0,Roadway Departure Right,0,N,0.0,D,2.0,15.0,F,Y,1.0,Apparently Normal,4.0,0,1,0,Inattention,Other Distraction Inside Vehicle,0,0,0,0,0,0,0,0,0,0,0,0,0,0,0,0,0,0,0,0,0,0,0,0,1,0,0,0,0,0,0,0,0,0,0,0,0
202723834,Rogers,northern,SH-66,State Highway,1,0.0,0.0,property_damage,0.0,0,0.0,0.0,0.0,REAR-END,REAR-END,36.24811407,-95.66994247,2020,2020-09-21,17.0,2,0,N,       ,N,N,0,Clear,Daylight,1.0,2,0,No Roadway Departure,0,Y,9.0,D,99.0,0.0,9,Y,1.0,Unknown,99.0,0,0,0,Inattention,Other,0,0,0,0,0,0,0,0,0,0,0,0,0,0,0,0,0,0,0,0,0,0,0,0,1,0,0,0,0,0,0,0,0,0,0,0,0
202750843,Tulsa,northern,US-169,US Route,1,21.0,35.0,property_damage,0.0,0,0.0,0.0,0.0,REAR-END,REAR-END,36.32137048,-95.82104051,2020,2020-09-12,14.25,2,0,N,       ,N,N,0,Cloudy,Daylight,1.0,5,0,No Roadway Departure,0,N,0.0,D,2.0,64.0,F,Y,1.0,Apparently Normal,4.0,0,0,0,Inattention,Distraction from Outside Vehicle,0,0,0,0,0,0,0,0,0,0,0,0,0,0,0,0,0,0,0,0,0,0,0,0,1,0,0,0,0,0,0,0,0,0,0,0,0
202751008,Rogers,northern,SH-66,State Highway,1,0.0,0.0,property_damage,0.0,0,0.0,0.0,0.0,RIGHT-ANGLE,RIGHT-ANGLE,36.23390775,-95.69013101,2020,2020-09-29,8.45,2,0,N,       ,N,N,0,Clear,Daylight,1.0,1,0,No Roadway Departure,0,N,0.0,D,20.0,49.0,F,Y,1.0,Apparently Normal,4.0,0,0,0,Inattention,Other,0,0,0,0,0,0,0,0,0,0,0,0,0,0,0,0,0,0,0,0,0,0,0,0,1,0,0,0,0,0,0,0,0,0,0,0,0