crash_id,county,region,highway_name,highway_class,intersection_rel,special_feature_1,special_feature_2,severity_level,visual_injured_num,fatal_num,suspected_serious_injured_num,non_incapacitated_injured_num,possibly_injured_num,crash_type,main_crash_type,latitude,longitude,year,date,time,number_of_vehicles,number_of_commercial_vehicles,work_zone,railroad_crossing,alcohol,drug,Alcohol or Drug,weather_condition,lighting_condition,road_condition,manner_of_collision,pedestrians_num,roadway_departure,cross_centerline,hit_and_run,emergency_vehicle_use,unit_type,vehicle_type,age,sex,driver_of_vehicle,injury_severity,person_condition,restraint_use,older_driver,teen_driver,Sleepy/Ill/Dizzy Driver,unsafe_unlaw_category,unsafe_unlaw_desc,Abnormal Traffic Control,Alcohol-DUI/DWI,Animal in Roadway,Apparently Sleepy,Avoiding Other Vehicle,Avoiding Pedestrian,Changed Lanes Unsafely,Deer in Roadway,Defect in Roadway,Disregarded Warning Signal,Domestic Animal in Roadway,Drug-DUI,Failed to Secure Load,Failed to Signal,Failed to Stop,Failed to Yield,Followed too Closely,Improper Backing,Improper Bicyclist Action,Improper Overtaking,Improper Parking,Improper Start From,Improper Turn,Improper Use of Lane,Distraction,Left of Center,No Improper Action by Driver,Object/Debris in Roadway,Other Improper Act/Movement,Pedestrian Action,Stopped in Traffic Lane,Speeding,Unsafe Vehicle,Wrong Way,Bad Weather,Bad Lighting,Bad Road Condition
300390681,Tulsa,tulsa,,City Street,6,99.0,80.0,property_damage,0.0,0,0.0,0.0,0.0,F-O UTIL-POLE,FIXED-OBJECT,36.1625747,-95.90857777,2018,2018-12-03,12.33,1,0,N,       ,N,N,0,Clear,Daylight,1.0,19.0,0,Roadway Departure Left,0,Y,0.0,D,2.0,0.0,M,Y,1.0,Unknown,99.0,0,0,0,Inattention,Other,0,0,0,0,0,0,0,0,0,0,0,0,0,0,0,0,0,0,0,0,0,0,0,0,1,0,0,0,0,0,0,0,0,0,0,0,0
300390807,Sequoyah,southern,,County Road,0,0.0,0.0,non_incapacitating_injury,1.0,0,0.0,1.0,0.0,F-O TREE,FIXED-OBJECT,35.5185,-94.9643,2018,2018-12-04,12.34,1,0,N,       ,N,N,0,Clear,Daylight,1.0,19.0,0,Roadway Departure Left,1,N,0.0,D,2.0,94.0,F,Y,3.0,Apparently Normal,4.0,1,0,0,Inattention,Other,0,0,0,0,0,0,0,0,0,0,0,0,0,0,0,0,0,0,0,0,0,0,0,0,1,0,0,0,0,0,0,0,0,0,0,0,0
300391009,Ottawa,northern,US-59,US Route,0,0.0,0.0,fatal,0.0,1,0.0,0.0,0.0,ROLLOVER,ROLLOVER,36.859169,-94.9438907,2018,2018-03-11,3.43,1,0,N,       ,Y,N,1,Clear,Dark / Unlighted,1.0,20.0,0,Roadway Departure Left,1,N,0.0,D,4.0,42.0,M,Y,5.0,Unknown,1.0,0,0,0,Inattention,Other,0,0,0,0,0,0,0,0,0,0,0,0,0,0,0,0,0,0,0,0,0,0,0,0,1,0,0,0,0,0,0,0,0,0,0,1,0
300391262,Tulsa,northern,,County Road,0,99.0,80.0,property_damage,0.0,0,0.0,0.0,0.0,F-O POLE-OTHER,FIXED-OBJECT,36.2784,-95.9865,2018,2018-12-04,14.06,1,0,N,       ,N,N,0,Clear,Daylight,1.0,19.0,0,Roadway Departure Left,0,N,0.0,D,20.0,67.0,M,Y,1.0,Sleepy,4.0,1,0,1,Inattention,Other,0,0,0,0,0,0,0,0,0,0,0,0,0,0,0,0,0,0,0,0,0,0,0,0,1,0,0,0,0,0,0,0,0,0,0,0,0
300391300,Sequoyah,southern,I-40,Interstate,0,71.0,0.0,property_damage,0.0,0,0.0,0.0,0.0,REAR-END,REAR-END,35.4869354,-94.966479,2018,2018-12-01,7.5,2,1,N,       ,N,N,0,Clear,Daylight,1.0,2.0,0,No Roadway Departure,0,N,0.0,D,10.0,28.0,M,Y,1.0,Apparently Normal,4.0,0,0,0,Inattention,Other,0,0,0,0,0,0,0,0,0,0,0,0,0,0,0,0,0,0,0,0,0,0,0,0,1,0,0,0,0,0,0,0,0,0,0,0,0
300391331,Delaware,northern,US-59,US Route,0,0.0,0.0,property_damage,0.0,0,0.0,0.0,0.0,REAR-END,REAR-END,36.5252359,-94.77559,2018,2018-11-30,14.27,2,0,N,       ,N,N,0,Cloudy,Daylight,1.0,4.0,0,No Roadway Departure,0,N,0.0,D,4.0,19.0,M,Y,1.0,Apparently Normal,4.0,0,1,0,Inattention,Other Distraction Inside Vehicle,0,0,0,0,0,0,0,0,0,0,0,0,0,0,0,0,0,0,0,0,0,0,0,0,1,0,0,0,0,0,0,0,0,0,0,0,0
300391646,Muskogee,southern,US-62,US Route,1,0.0,0.0,possible_injury,0.0,0,0.0,0.0,2.0,REAR-END,REAR-END,35.7982602,-95.1374946,2018,2018-12-09,15.37,2,0,N,       ,N,N,0,Cloudy,Daylight,1.0,5.0,0,Roadway Departure Right,0,N,0.0,D,2.0,23.0,F,Y,2.0,Apparently Normal,4.0,0,0,0,Inattention,Other,0,0,0,0,0,0,0,0,0,0,0,0,0,0,0,0,0,0,0,0,0,0,0,0,1,0,0,0,0,0,0,0,0,0,0,0,0
300391945,Sequoyah,southern,I-40,Interstate,0,0.0,0.0,property_damage,0.0,0,0.0,0.0,0.0,F-O DITCH,FIXED-OBJECT,35.4490468,-94.7728704,2018,2018-12-08,23.53,1,0,N,       ,N,N,0,Clear,Dark / Unlighted,1.0,20.0,0,Roadway Departure Right,0,N,0.0,D,4.0,31.0,M,Y,1.0,Apparently Normal,4.0,0,0,0,Inattention,Distracted by Passenger in Vehicle,0,0,0,0,0,0,0,0,0,0,0,0,0,0,0,0,0,0,0,0,0,0,0,0,1,0,0,0,0,0,0,0,0,0,0,1,0
300392262,Cherokee,southern,,County Road,1,0.0,0.0,possible_injury,0.0,0,0.0,0.0,1.0,F-O TREE,FIXED-OBJECT,35.9009,-94.8865,2018,2018-12-02,21.58,1,0,N,       ,N,N,0,Clear,Daylight,1.0,41.0,0,Fixed Object,0,N,0.0,D,2.0,41.0,M,Y,2.0,Unknown,4.0,0,0,0,Inattention,Other Distraction Inside Vehicle,0,0,0,0,0,0,0,0,0,0,0,0,0,0,0,0,0,0,0,0,0,0,0,0,1,0,0,0,0,0,0,0,0,0,0,0,0
300392302,Delaware,northern,US-59,US Route,0,1.0,0.0,non_incapacitating_injury,1.0,0,0.0,1.0,0.0,REAR-END,REAR-END,36.5250968,-94.7756404,2018,2018-12-12,13.42,2,0,N,       ,N,N,0,Clear,Daylight,1.0,4.0,0,Roadway Departure Right,0,N,0.0,D,2.0,29.0,F,Y,3.0,Apparently Normal,4.0,0,0,0,Inattention,Other Distraction Inside Vehicle,0,0,0,0,0,0,0,0,0,0,0,0,0,0,0,0,0,0,0,0,0,0,0,0,1,0,0,0,0,0,0,0,0,0,0,0,0
300392483,Adair,southern,US-59,US Route,1,0.0,0.0,property_damage,0.0,0,0.0,0.0,0.0,ANGLE-TURNING,ANGLE-TURNING,36.016802,-94.5833877,2018,2018-12-14,14.39,2,0,N,       ,N,N,0,Rain,Daylight,2.0,13.0,0,No Roadway Departure,0,N,0.0,D,2.0,29.0,M,Y,1.0,Apparently Normal,4.0,0,0,0,Inattention,Other Distraction Inside Vehicle,0,0,0,0,0,0,0,0,0,0,0,0,0,0,0,0,0,0,0,0,0,0,0,0,1,0,0,0,0,0,0,0,0,0,1,0,0
300392484,Cherokee,southern,US-62,US Route,0,0.0,0.0,incapacitating_injury,1.0,0,1.0,0.0,0.0,ROLLOVER,ROLLOVER,35.9258396,-94.849864,2018,2018-12-15,5.39,1,0,N,       ,N,N,0,Clear,Dark / Unlighted,1.0,20.0,0,Roadway Departure Right,0,N,0.0,D,2.0,24.0,M,Y,4.0,Apparently Normal,4.0,0,0,0,Inattention,Other,0,0,0,0,0,0,0,0,0,0,0,0,0,0,0,0,0,0,0,0,0,0,0,0,1,0,0,0,0,0,0,0,0,0,0,1,0
300392562,Tulsa,tulsa,,City Street,5,80.0,99.0,property_damage,0.0,0,0.0,0.0,0.0,OTHER,OTHER,36.18622041,-95.9766855,2018,2018-12-16,3.0,2,1,N,       ,N,N,0,Clear,Dark / Lighted,1.0,35.0,0,No Roadway Departure,0,N,0.0,D,2.0,28.0,M,Y,1.0,Apparently Normal,4.0,0,0,0,Inattention,Other,0,0,0,0,0,0,0,0,0,0,0,0,0,0,0,0,0,0,0,0,0,0,0,0,1,0,0,0,0,0,0,0,0,0,0,0,0
300392648,Washington,northern,,County Road,0,80.0,99.0,property_damage,0.0,0,0.0,0.0,0.0,REAR-END,REAR-END,36.5975,-95.9421,2018,2018-12-15,11.16,2,0,N,       ,N,N,0,Clear,Daylight,1.0,2.0,0,Roadway Departure Right,0,N,0.0,D,4.0,41.0,M,Y,1.0,Apparently Normal,4.0,0,0,0,Inattention,Other,0,0,0,0,0,0,0,0,0,0,0,0,0,0,0,0,0,0,0,0,0,0,0,0,1,0,0,0,0,0,0,0,0,0,0,0,0
300392766,Rogers,northern,,County Road,0,0.0,0.0,possible_injury,0.0,0,0.0,0.0,1.0,ROLLOVER,ROLLOVER,36.3761,-95.4897,2018,2018-11-01,11.02,1,0,N,       ,N,N,0,Rain,Daylight,2.0,20.0,0,Roadway Departure Right,0,N,0.0,D,2.0,17.0,F,Y,2.0,Apparently Normal,4.0,0,1,0,Inattention,Other Distraction Inside Vehicle,0,0,0,0,0,0,0,0,0,0,0,0,0,0,0,0,0,0,0,0,0,0,0,0,1,0,0,0,0,0,0,0,0,0,1,0,0
300392774,Rogers,northern,,County Road,0,80.0,99.0,property_damage,0.0,0,0.0,0.0,0.0,REAR-END,REAR-END,36.1624,-95.6817,2018,2018-11-04,18.32,2,0,N,       ,N,N,0,Clear,Dark / Unlighted,1.0,3.0,0,No Roadway Departure,0,N,0.0,D,1.0,26.0,F,Y,1.0,Apparently Normal,4.0,0,0,0,Inattention,Other Distraction Inside Vehicle,0,0,0,0,0,0,0,0,0,0,0,0,0,0,0,0,0,0,0,0,0,0,0,0,1,0,0,0,0,0,0,0,0,0,0,1,0
300392784,Rogers,northern,I-44,Interstate,0,0.0,0.0,possible_injury,0.0,0,0.0,0.0,1.0,F-O GUARDRL-FACE,FIXED-OBJECT,36.1628598,-95.7440082,2018,2018-11-08,8.0,1,0,N,       ,N,Y,1,Cloudy,Daylight,1.0,20.0,0,Roadway Departure Right,0,N,0.0,D,2.0,20.0,M,Y,2.0,Illigal Drugs,1.0,0,0,0,Inattention,Other,0,0,0,0,0,0,0,0,0,0,0,0,0,0,0,0,0,0,0,0,0,0,0,0,1,0,0,0,0,0,0,0,0,0,0,0,0
300393060,Mayes,northern,I-44,Turnpike Interstate,0,0.0,0.0,property_damage,0.0,0,0.0,0.0,0.0,F-O GUARDRL-FACE,FIXED-OBJECT,36.4633578,-95.3447609,2018,2018-12-12,15.47,1,0,N,       ,N,N,0,Cloudy,Daylight,1.0,20.0,0,Roadway Departure Right,0,N,0.0,D,20.0,19.0,F,Y,1.0,Apparently Normal,4.0,0,1,0,Inattention,Other Distraction Inside Vehicle,0,0,0,0,0,0,0,0,0,0,0,0,0,0,0,0,0,0,0,0,0,0,0,0,1,0,0,0,0,0,0,0,0,0,0,0,0
300393112,Delaware,northern,SH-10,State Highway,1,35.0,0.0,non_incapacitating_injury,1.0,0,0.0,1.0,0.0,REAR-END,REAR-END,36.5979367,-94.7114207,2018,2018-12-17,16.34,2,0,N,       ,N,N,0,Clear,Daylight,1.0,5.0,0,No Roadway Departure,0,N,0.0,D,20.0,35.0,F,Y,1.0,Apparently Normal,4.0,0,0,0,Inattention,Distraction from Outside Vehicle,0,0,0,0,0,0,0,0,0,0,0,0,0,0,0,0,0,0,0,0,0,0,0,0,1,0,0,0,0,0,0,0,0,0,0,0,0
300393432,Mayes,northern,,County Road,0,0.0,0.0,non_incapacitating_injury,1.0,0,0.0,1.0,0.0,F-O CULVERT,FIXED-OBJECT,36.1479,-95.337,2018,2018-12-19,12.4,1,0,N,       ,N,N,0,Cloudy,Daylight,1.0,20.0,0,Roadway Departure Right,0,N,0.0,D,4.0,72.0,F,Y,3.0,Apparently Normal,4.0,1,0,0,Inattention,Distraction from Outside Vehicle,0,0,0,0,0,0,0,0,0,0,0,0,0,0,0,0,0,0,0,0,0,0,0,0,1,0,0,0,0,0,0,0,0,0,0,0,0
300393459,Nowata,northern,US-60,US Route,0,1.0,0.0,non_incapacitating_injury,1.0,0,0.0,1.0,0.0,REAR-END,REAR-END,36.7133596,-95.6636241,2018,2018-12-20,20.41,2,0,N,       ,N,N,0,Clear,Dark / Unlighted,1.0,4.0,0,No Roadway Departure,0,N,0.0,D,2.0,69.0,M,Y,3.0,Apparently Normal,4.0,1,0,0,Inattention,Distraction from Outside Vehicle,0,0,0,0,0,0,0,0,0,0,0,0,0,0,0,0,0,0,0,0,0,0,0,0,1,0,0,0,0,0,0,0,0,0,0,1,0
300393629,Mayes,northern,,County Road,0,0.0,0.0,incapacitating_injury,1.0,0,1.0,0.0,0.0,F-O GUARDRL-FACE,FIXED-OBJECT,36.2909,-95.1312,2018,2018-12-18,14.45,1,0,N,       ,N,N,0,Cloudy,Daylight,1.0,20.0,0,Roadway Departure Right,0,N,0.0,D,4.0,18.0,M,Y,4.0,Apparently Normal,1.0,0,1,0,Inattention,Other Distraction Inside Vehicle,0,0,0,0,0,0,0,0,0,0,0,0,0,0,0,0,0,0,0,0,0,0,0,0,1,0,0,0,0,0,0,0,0,0,0,0,0
300393692,McIntosh,southern,,County Road,0,99.0,80.0,property_damage,0.0,0,0.0,0.0,0.0,ROLLOVER,ROLLOVER,35.3336,-95.4746,2018,2018-12-23,0.26,1,0,N,       ,N,N,0,Clear,Dark / Unlighted,1.0,20.0,0,Roadway Departure Right,0,N,0.0,D,4.0,18.0,M,Y,1.0,Sleepy,4.0,0,1,1,Inattention,Other Distraction Inside Vehicle,0,0,0,0,0,0,0,0,0,0,0,0,0,0,0,0,0,0,0,0,0,0,0,0,1,0,0,0,0,0,0,0,0,0,0,1,0
300393843,Mayes,northern,US412A,US Route,1,0.0,0.0,possible_injury,0.0,0,0.0,0.0,1.0,REAR-END,REAR-END,36.2011278,-95.1363758,2018,2018-12-21,16.17,2,0,N,       ,N,N,0,Clear,Daylight,1.0,5.0,0,Roadway Departure Right,0,N,0.0,D,20.0,36.0,F,Y,1.0,Apparently Normal,4.0,0,0,0,Inattention,Distraction from Outside Vehicle,0,0,0,0,0,0,0,0,0,0,0,0,0,0,0,0,0,0,0,0,0,0,0,0,1,0,0,0,0,0,0,0,0,0,0,0,0
300393852,Tulsa,tulsa,I-244,Interstate,0,31.0,0.0,non_incapacitating_injury,2.0,0,0.0,2.0,0.0,SIDESWIPE-SAME,SIDESWIPE-SAME,36.1628896,-95.8761704,2018,2018-12-21,17.42,2,0,N,       ,N,N,0,Clear,Dark / Unlighted,1.0,39.0,0,Roadway Departure Left,0,N,0.0,D,1.0,39.0,M,Y,1.0,Apparently Normal,4.0,0,0,0,Inattention,Distraction from Outside Vehicle,0,0,0,0,0,0,0,0,0,0,0,0,0,0,0,0,0,0,0,0,0,0,0,0,1,0,0,0,0,0,0,0,0,0,0,1,0
300394093,Tulsa,tulsa,I-244,Interstate,0,47.0,0.0,property_damage,0.0,0,0.0,0.0,0.0,REAR-END,REAR-END,36.165791,-95.8538079,2018,2018-12-11,17.29,2,0,N,       ,N,N,0,Clear,Dark / Unlighted,1.0,3.0,0,Roadway Departure Right,0,N,0.0,D,20.0,62.0,M,Y,1.0,Apparently Normal,4.0,0,0,0,Inattention,Distraction from Outside Vehicle,0,0,0,0,0,0,0,0,0,0,0,0,0,0,0,0,0,0,0,0,0,0,0,0,1,0,0,0,0,0,0,0,0,0,0,1,0
300394148,Adair,southern,US-59,US Route,0,0.0,0.0,incapacitating_injury,1.0,0,1.0,0.0,0.0,REAR-END,REAR-END,35.7539981,-94.6352021,2018,2018-11-28,7.46,3,0,N,       ,N,N,0,Clear,Daylight,1.0,3.0,0,Roadway Departure Right,0,N,0.0,D,20.0,17.0,F,Y,4.0,Apparently Normal,4.0,0,1,0,Inattention,Other Distraction Inside Vehicle,0,0,0,0,0,0,0,0,0,0,0,0,0,0,0,0,0,0,0,0,0,0,0,0,1,0,0,0,0,0,0,0,0,0,0,0,0
300394153,Cherokee,southern,SH-82,State Highway,1,0.0,0.0,possible_injury,0.0,0,0.0,0.0,1.0,REAR-END,REAR-END,35.7978203,-94.9671077,2018,2018-12-19,16.38,2,0,N,       ,N,N,0,Cloudy,Daylight,1.0,4.0,0,No Roadway Departure,0,N,0.0,D,4.0,23.0,M,Y,1.0,Apparently Normal,4.0,0,0,0,Inattention,Distraction from Outside Vehicle,0,0,0,0,0,0,0,0,0,0,0,0,0,0,0,0,0,0,0,0,0,0,0,0,1,0,0,0,0,0,0,0,0,0,0,0,0
300394212,Tulsa,tulsa,I-244,Interstate,0,0.0,0.0,property_damage,0.0,0,0.0,0.0,0.0,F-O BARR-CABLE,FIXED-OBJECT,36.165764,-95.8539836,2018,2018-12-27,11.47,1,0,N,       ,N,N,0,Cloudy,Daylight,1.0,19.0,0,Roadway Departure Left,1,N,0.0,D,2.0,61.0,F,Y,1.0,Apparently Normal,4.0,0,0,0,Inattention,Other,0,0,0,0,0,0,0,0,0,0,0,0,0,0,0,0,0,0,0,0,0,0,0,0,1,0,0,0,0,0,0,0,0,0,0,0,0
300394258,Delaware,northern,US-59,US Route,1,0.0,0.0,property_damage,0.0,0,0.0,0.0,0.0,ANGLE-TURNING,ANGLE-TURNING,36.2641799,-94.7650046,2018,2018-12-10,16.1,2,0,N,       ,N,N,0,Clear,Daylight,1.0,11.0,0,Roadway Departure Right,0,N,0.0,D,20.0,51.0,M,Y,1.0,Apparently Normal,4.0,0,0,0,Inattention,Other,0,0,0,0,0,0,0,0,0,0,0,0,0,0,0,0,0,0,0,0,0,0,0,0,1,0,0,0,0,0,0,0,0,0,0,0,0
300394286,Mayes,northern,,County Road,0,0.0,0.0,non_incapacitating_injury,1.0,0,0.0,1.0,0.0,ROLLOVER,ROLLOVER,36.2928,-95.3362,2018,2018-12-25,20.37,1,0,N,       ,N,N,0,Clear,Dark / Unlighted,1.0,20.0,0,Roadway Departure Right,0,N,0.0,D,2.0,17.0,F,Y,3.0,Apparently Normal,4.0,0,1,0,Inattention,Other Distraction Inside Vehicle,0,0,0,0,0,0,0,0,0,0,0,0,0,0,0,0,0,0,0,0,0,0,0,0,1,0,0,0,0,0,0,0,0,0,0,1,0
300394538,Tulsa,northern,,County Road,0,99.0,80.0,property_damage,0.0,0,0.0,0.0,0.0,F-O UTIL-POLE,FIXED-OBJECT,36.4091,-95.8368,2018,2018-12-28,17.21,1,0,N,       ,N,N,0,Clear,Dark / Unlighted,1.0,19.0,0,Roadway Departure Left,0,N,0.0,D,2.0,22.0,F,Y,1.0,Apparently Normal,4.0,0,0,0,Inattention,Other Distraction Inside Vehicle,0,0,0,0,0,0,0,0,0,0,0,0,0,0,0,0,0,0,0,0,0,0,0,0,1,0,0,0,0,0,0,0,0,0,0,1,0
300394601,Ottawa,northern,I-44,Turnpike Interstate,0,0.0,0.0,incapacitating_injury,1.0,0,1.0,0.0,0.0,ROLLOVER,ROLLOVER,36.7215095,-94.9374317,2018,2018-12-22,21.11,1,0,N,       ,N,N,0,Clear,Dark / Unlighted,1.0,20.0,0,Roadway Departure Right,0,N,0.0,D,15.0,32.0,M,Y,4.0,Apparently Normal,1.0,0,0,0,Inattention,Other,0,0,0,0,0,0,0,0,0,0,0,0,0,0,0,0,0,0,0,0,0,0,0,0,1,0,0,0,0,0,0,0,0,0,0,1,0
300394638,Rogers,northern,SH-66,State Highway,0,1.0,0.0,property_damage,0.0,0,0.0,0.0,0.0,ANGLE-TURNING,ANGLE-TURNING,36.346338,-95.5920382,2018,2018-11-21,17.2,2,0,N,       ,N,N,0,Clear,Dusk,1.0,11.0,0,Roadway Departure Right,0,N,0.0,D,1.0,18.0,M,Y,1.0,Apparently Normal,4.0,0,1,0,Inattention,Distraction from Outside Vehicle,0,0,0,0,0,0,0,0,0,0,0,0,0,0,0,0,0,0,0,0,0,0,0,0,1,0,0,0,0,0,0,0,0,0,0,1,0
300394639,Rogers,northern,SH-88,State Highway,0,0.0,0.0,property_damage,0.0,0,0.0,0.0,0.0,F-O TRAFF-SIGN,FIXED-OBJECT,36.2167505,-95.5361664,2018,2018-12-02,20.27,1,0,N,       ,N,N,0,Cloudy,Dark / Unlighted,1.0,20.0,0,Roadway Departure Right,0,N,0.0,D,4.0,19.0,M,Y,1.0,Sleepy,4.0,0,1,1,Inattention,Other Distraction Inside Vehicle,0,0,0,0,0,0,0,0,0,0,0,0,0,0,0,0,0,0,0,0,0,0,0,0,1,0,0,0,0,0,0,0,0,0,0,1,0
300394640,Rogers,northern,SH-88,State Highway,1,0.0,0.0,possible_injury,0.0,0,0.0,0.0,2.0,REAR-END,REAR-END,36.415532,-95.6489564,2018,2018-12-05,9.46,2,0,N,       ,N,N,0,Clear,Daylight,1.0,4.0,0,No Roadway Departure,0,N,0.0,D,4.0,19.0,F,Y,2.0,Apparently Normal,4.0,0,1,0,Inattention,Other Distraction Inside Vehicle,0,0,0,0,0,0,0,0,0,0,0,0,0,0,0,0,0,0,0,0,0,0,0,0,1,0,0,0,0,0,0,0,0,0,0,0,0
300394645,Rogers,northern,,County Road,0,1.0,0.0,possible_injury,0.0,0,0.0,0.0,1.0,REAR-END,REAR-END,36.3168,-95.4713,2018,2018-12-20,6.56,2,0,N,       ,N,N,0,Clear,Dawn,1.0,5.0,0,No Roadway Departure,0,N,0.0,D,2.0,58.0,F,Y,1.0,Apparently Normal,4.0,0,0,0,Inattention,Other Distraction Inside Vehicle,0,0,0,0,0,0,0,0,0,0,0,0,0,0,0,0,0,0,0,0,0,0,0,0,1,0,0,0,0,0,0,0,0,0,0,1,0
300394647,Rogers,northern,SH-66,State Highway,0,0.0,0.0,non_incapacitating_injury,1.0,0,0.0,1.0,2.0,REAR-END,REAR-END,36.445675,-95.5099724,2018,2018-11-27,15.45,3,0,N,       ,N,N,0,Clear,Daylight,1.0,2.0,0,Roadway Departure Left,0,N,0.0,D,20.0,22.0,F,Y,3.0,Apparently Normal,4.0,0,0,0,Inattention,Other Distraction Inside Vehicle,0,0,0,0,0,0,0,0,0,0,0,0,0,0,0,0,0,0,0,0,0,0,0,0,1,0,0,0,0,0,0,0,0,0,0,0,0
300394669,Rogers,northern,SH-66,State Highway,1,0.0,0.0,non_incapacitating_injury,2.0,0,0.0,2.0,0.0,REAR-END,REAR-END,36.3362732,-95.6017386,2018,2018-11-27,10.09,3,0,N,       ,N,N,0,Cloudy,Daylight,1.0,2.0,0,No Roadway Departure,0,N,0.0,D,20.0,36.0,M,Y,1.0,Apparently Normal,4.0,0,0,0,Inattention,Other Distraction Inside Vehicle,0,0,0,0,0,0,0,0,0,0,0,0,0,0,0,0,0,0,0,0,0,0,0,0,1,0,0,0,0,0,0,0,0,0,0,0,0
300394670,Rogers,northern,,County Road,0,1.0,0.0,non_incapacitating_injury,3.0,0,0.0,3.0,0.0,REAR-END,REAR-END,36.1623,-95.7124,2018,2018-12-10,11.09,2,0,N,       ,N,N,0,Cloudy,Daylight,1.0,4.0,0,Roadway Departure Left,0,N,0.0,D,2.0,72.0,F,Y,3.0,Apparently Normal,4.0,1,0,0,Inattention,Other,0,0,0,0,0,0,0,0,0,0,0,0,0,0,0,0,0,0,0,0,0,0,0,0,1,0,0,0,0,0,0,0,0,0,0,0,0
300394674,Rogers,northern,,County Road,0,0.0,0.0,possible_injury,0.0,0,0.0,0.0,1.0,F-O TREE,FIXED-OBJECT,36.3652,-95.5086,2018,2018-12-17,15.2,1,0,N,       ,N,N,0,Cloudy,Daylight,1.0,19.0,0,Roadway Departure Left,1,N,0.0,D,20.0,44.0,M,Y,2.0,Ill (Sick),4.0,0,0,1,Inattention,Other,0,0,0,0,0,0,0,0,0,0,0,0,0,0,0,0,0,0,0,0,0,0,0,0,1,0,0,0,0,0,0,0,0,0,0,0,0
300394737,Cherokee,southern,SH-82,State Highway,0,0.0,0.0,property_damage,0.0,0,0.0,0.0,0.0,REAR-END,REAR-END,35.9562292,-94.9668043,2018,2018-12-29,8.58,2,1,N,       ,N,N,0,Cloudy,Dawn,1.0,3.0,0,No Roadway Departure,0,N,2.0,D,13.0,42.0,M,Y,1.0,Sleepy,4.0,0,0,1,Inattention,Other Distraction Inside Vehicle,0,0,0,0,0,0,0,0,0,0,0,0,0,0,0,0,0,0,0,0,0,0,0,0,1,0,0,0,0,0,0,0,0,0,0,1,0
300394804,Mayes,northern,,County Road,0,0.0,0.0,non_incapacitating_injury,1.0,0,0.0,1.0,0.0,F-O TREE,FIXED-OBJECT,36.3508,-95.2291,2018,2018-12-30,16.58,1,0,N,       ,N,N,0,Cloudy,Dusk,1.0,20.0,0,Roadway Departure Right,0,N,0.0,D,4.0,65.0,F,Y,3.0,Apparently Normal,4.0,1,0,0,Inattention,Other,0,0,0,0,0,0,0,0,0,0,0,0,0,0,0,0,0,0,0,0,0,0,0,0,1,0,0,0,0,0,0,0,0,0,0,1,0
300394993,Rogers,northern,SH-20,State Highway,1,0.0,0.0,non_incapacitating_injury,3.0,0,0.0,3.0,0.0,REAR-END,REAR-END,36.3072291,-95.5784172,2018,2018-12-31,12.4,2,0,N,       ,N,N,0,Clear,Daylight,1.0,4.0,0,Roadway Departure Right,0,N,0.0,D,4.0,68.0,M,Y,3.0,Apparently Normal,4.0,1,0,0,Inattention,Distraction from Outside Vehicle,0,0,0,0,0,0,0,0,0,0,0,0,0,0,0,0,0,0,0,0,0,0,0,0,1,0,0,0,0,0,0,0,0,0,0,0,0
300395370,Muskogee,southern,I-40,Interstate,0,0.0,0.0,property_damage,0.0,0,0.0,0.0,0.0,F-O GROUND,FIXED-OBJECT,35.4822836,-95.2616223,2019,2019-01-02,16.35,1,0,N,       ,N,N,0,Rain,Daylight,2.0,20.0,0,Roadway Departure Right,0,N,0.0,D,20.0,30.0,M,Y,0.0,Sleepy,4.0,0,0,1,Inattention,Other,0,0,0,0,0,0,0,0,0,0,0,0,0,0,0,0,0,0,0,0,0,0,0,0,1,0,0,0,0,0,0,0,0,0,1,0,0
300395426,Delaware,northern,US-59,US Route,0,1.0,0.0,property_damage,0.0,0,0.0,0.0,0.0,REAR-END,REAR-END,36.1790891,-94.6789695,2019,2019-01-05,9.31,2,1,N,       ,N,N,0,Clear,Daylight,1.0,5.0,0,Roadway Departure Left,0,N,0.0,D,2.0,24.0,M,Y,1.0,Apparently Normal,4.0,0,0,0,Inattention,Other Distraction Inside Vehicle,0,0,0,0,0,0,0,0,0,0,0,0,0,0,0,0,0,0,0,0,0,0,0,0,1,0,0,0,0,0,0,0,0,0,0,0,0
300395558,Rogers,northern,I-44,Turnpike Interstate,0,0.0,0.0,possible_injury,0.0,0,0.0,0.0,2.0,REAR-END,REAR-END,36.3714349,-95.442918,2019,2019-01-05,0.41,2,0,N,       ,N,N,0,Cloudy,Dark / Unlighted,1.0,3.0,0,Roadway Departure Right,0,N,0.0,D,2.0,31.0,M,Y,1.0,Apparently Normal,4.0,0,0,0,Inattention,Distraction from Outside Vehicle,0,0,0,0,0,0,0,0,0,0,0,0,0,0,0,0,0,0,0,0,0,0,0,0,1,0,0,0,0,0,0,0,0,0,0,1,0