crash_id,county,region,highway_name,highway_class,intersection_rel,special_feature_1,special_feature_2,severity_level,visual_injured_num,fatal_num,suspected_serious_injured_num,non_incapacitated_injured_num,possibly_injured_num,crash_type,main_crash_type,latitude,longitude,year,date,time,number_of_vehicles,number_of_commercial_vehicles,work_zone,railroad_crossing,alcohol,drug,Alcohol or Drug,weather_condition,lighting_condition,road_condition,manner_of_collision,pedestrians_num,roadway_departure,cross_centerline,hit_and_run,emergency_vehicle_use,unit_type,vehicle_type,age,sex,driver_of_vehicle,injury_severity,person_condition,restraint_use,older_driver,teen_driver,Sleepy/Ill/Dizzy Driver,unsafe_unlaw_category,unsafe_unlaw_desc,Abnormal Traffic Control,Alcohol-DUI/DWI,Animal in Roadway,Apparently Sleepy,Avoiding Other Vehicle,Avoiding Pedestrian,Changed Lanes Unsafely,Deer in Roadway,Defect in Roadway,Disregarded Warning Signal,Domestic Animal in Roadway,Drug-DUI,Failed to Secure Load,Failed to Signal,Failed to Stop,Failed to Yield,Followed too Closely,Improper Backing,Improper Bicyclist Action,Improper Overtaking,Improper Parking,Improper Start From,Improper Turn,Improper Use of Lane,Distraction,Left of Center,No Improper Action by Driver,Object/Debris in Roadway,Other Improper Act/Movement,Pedestrian Action,Stopped in Traffic Lane,Speeding,Unsafe Vehicle,Wrong Way,Bad Weather,Bad Lighting,Bad Road Condition
300433221,Washington,northern,,County Road,0,80.0,99.0,property_damage,0.0,0,0.0,0.0,0.0,REAR-END,REAR-END,36.598,-95.9634,2019,2019-09-20,15.16,2,0,N,       ,N,N,0,Cloudy,Daylight,1.0,2.0,0,No Roadway Departure,0,N,0.0,D,4.0,17.0,M,Y,1.0,Apparently Normal,4.0,0,1,0,Inattention,Distracted by Passenger in Vehicle,0,0,0,0,0,0,0,0,0,0,0,0,0,0,0,0,0,0,0,0,0,0,0,0,1,0,0,0,0,0,0,0,0,0,0,0,0
300433261,Rogers,northern,SH-66,State Highway,0,0.0,0.0,non_incapacitating_injury,1.0,0,0.0,1.0,0.0,REAR-END,REAR-END,36.33742275,-95.60065872,2019,2019-09-03,13.5,2,0,N,       ,N,N,0,Clear,Daylight,1.0,3.0,0,No Roadway Departure,0,N,0.0,D,20.0,74.0,F,Y,1.0,Apparently Normal,4.0,1,0,0,Inattention,Other Distraction Inside Vehicle,0,0,0,0,0,0,0,0,0,0,0,0,0,0,0,0,0,0,0,0,0,0,0,0,1,0,0,0,0,0,0,0,0,0,0,0,0
300433282,Rogers,northern,SH-20,State Highway,0,0.0,0.0,incapacitating_injury,2.0,0,1.0,1.0,0.0,ANGLE-TURNING,ANGLE-TURNING,36.30834474,-95.52124502,2019,2019-08-28,15.36,2,0,N,       ,N,N,0,Clear,Daylight,1.0,10.0,0,Roadway Departure Right,0,N,0.0,D,2.0,37.0,M,Y,1.0,Apparently Normal,4.0,0,0,0,Inattention,Other,0,0,0,0,0,0,0,0,0,0,0,0,0,0,0,0,0,0,0,0,0,0,0,0,1,0,0,0,0,0,0,0,0,0,0,0,0
300433346,Tulsa,northern,US-75,US Route,0,0.0,0.0,possible_injury,0.0,0,0.0,0.0,1.0,REAR-END,REAR-END,36.29266715,-95.92409787,2019,2019-09-19,13.01,3,0,N,       ,N,N,0,Clear,Daylight,1.0,3.0,0,No Roadway Departure,0,N,0.0,D,2.0,25.0,M,Y,2.0,Apparently Normal,4.0,0,0,0,Inattention,Other Distraction Inside Vehicle,0,0,0,0,0,0,0,0,0,0,0,0,0,0,0,0,0,0,0,0,0,0,0,0,1,0,0,0,0,0,0,0,0,0,0,0,0
300433433,Sequoyah,southern,I-40,Interstate,0,5.0,0.0,property_damage,0.0,0,0.0,0.0,0.0,REAR-END,REAR-END,35.44407459,-94.74024871,2019,2019-09-22,13.17,2,0,N,       ,N,N,0,Cloudy,Daylight,1.0,3.0,0,No Roadway Departure,0,N,0.0,D,4.0,21.0,M,Y,1.0,Apparently Normal,4.0,0,0,0,Inattention,Other,0,0,0,0,0,0,0,0,0,0,0,0,0,0,0,0,0,0,0,0,0,0,0,0,1,0,0,0,0,0,0,0,0,0,0,0,0
300433591,Tulsa,tulsa,I-244,Interstate,0,72.0,0.0,property_damage,0.0,0,0.0,0.0,0.0,REAR-END,REAR-END,36.16404071,-95.87047885,2019,2019-09-11,17.41,3,0,N,       ,N,N,0,Clear,Daylight,1.0,3.0,0,No Roadway Departure,0,N,0.0,D,4.0,43.0,M,Y,1.0,Apparently Normal,4.0,0,0,0,Inattention,Other Distraction Inside Vehicle,0,0,0,0,0,0,0,0,0,0,0,0,0,0,0,0,0,0,0,0,0,0,0,0,1,0,0,0,0,0,0,0,0,0,0,0,0
300433635,Rogers,northern,SH-28,State Highway,0,0.0,0.0,possible_injury,0.0,0,0.0,0.0,1.0,F-O CULVERT,FIXED-OBJECT,36.55367196,-95.44034008,2019,2019-09-23,20.25,1,0,N,       ,N,N,0,Cloudy,Dark / Unlighted,1.0,20.0,0,Roadway Departure Right,0,N,0.0,D,2.0,31.0,F,Y,2.0,Apparently Normal,4.0,0,0,0,Inattention,Other,0,0,0,0,0,0,0,0,0,0,0,0,0,0,0,0,0,0,0,0,0,0,0,0,1,0,0,0,0,0,0,0,0,0,0,1,0
300433636,Rogers,northern,,County Road,0,0.0,0.0,non_incapacitating_injury,5.0,0,0.0,5.0,0.0,ROLLOVER,ROLLOVER,36.4958,-95.7154,2019,2019-09-17,0.0,1,0,N,       ,N,N,0,Clear,Daylight,1.0,20.0,0,Roadway Departure Right,0,N,0.0,D,2.0,18.0,M,Y,3.0,Apparently Normal,4.0,0,1,0,Inattention,Other Distraction Inside Vehicle,0,0,0,0,0,0,0,0,0,0,0,0,0,0,0,0,0,0,0,0,0,0,0,0,1,0,0,0,0,0,0,0,0,0,0,0,0
300433701,Ottawa,northern,US-59,US Route,0,0.0,0.0,property_damage,0.0,0,0.0,0.0,0.0,ROLLOVER,ROLLOVER,36.85916801,-94.94297855,2019,2019-09-25,10.11,1,1,N,       ,N,N,0,Cloudy,Daylight,1.0,20.0,0,Roadway Departure Right,0,N,0.0,D,10.0,56.0,M,Y,1.0,Apparently Normal,4.0,0,0,0,Inattention,Other Distraction Inside Vehicle,0,0,0,0,0,0,0,0,0,0,0,0,0,0,0,0,0,0,0,0,0,0,0,0,1,0,0,0,0,0,0,0,0,0,0,0,0
300433822,Adair,southern,US-59,US Route,0,0.0,0.0,property_damage,0.0,0,0.0,0.0,0.0,F-O TRAFF-SIGN,FIXED-OBJECT,35.72818706,-94.65163747,2019,2019-09-26,15.02,1,0,N,       ,N,N,0,Clear,Daylight,1.0,19.0,0,Roadway Departure Left,1,N,0.0,D,4.0,60.0,F,Y,1.0,Apparently Normal,4.0,0,0,0,Inattention,Other,0,0,0,0,0,0,0,0,0,0,0,0,0,0,0,0,0,0,0,0,0,0,0,0,1,0,0,0,0,0,0,0,0,0,0,0,0
300433823,Cherokee,southern,SH-80,State Highway,0,0.0,0.0,non_incapacitating_injury,1.0,0,0.0,1.0,0.0,F-O GUARDRL-FACE,FIXED-OBJECT,35.81797678,-95.25180318,2019,2019-09-21,15.32,1,0,N,       ,N,N,0,Clear,Daylight,1.0,20.0,0,Roadway Departure Right,0,N,0.0,D,15.0,67.0,M,Y,1.0,Unknown,99.0,1,0,0,Inattention,Distracted by Passenger in Vehicle,0,0,0,0,0,0,0,0,0,0,0,0,0,0,0,0,0,0,0,0,0,0,0,0,1,0,0,0,0,0,0,0,0,0,0,0,0
300433827,Cherokee,southern,,County Road,0,0.0,0.0,non_incapacitating_injury,1.0,0,0.0,1.0,0.0,ROLLOVER,ROLLOVER,36.1089,-94.9223,2019,2019-09-27,11.22,1,0,N,       ,N,N,0,Clear,Daylight,1.0,20.0,0,Roadway Departure Right,0,N,0.0,D,4.0,42.0,M,Y,3.0,Apparently Normal,1.0,0,0,0,Inattention,Other,0,0,0,0,0,0,0,0,0,0,0,0,0,0,0,0,0,0,0,0,0,0,0,0,1,0,0,0,0,0,0,0,0,0,0,0,0
300433887,Cherokee,southern,US-62,US Route,1,0.0,0.0,non_incapacitating_injury,3.0,0,0.0,3.0,0.0,REAR-END,REAR-END,35.83705507,-95.03766148,2019,2019-09-25,19.47,2,0,N,       ,Y,N,1,Clear,Dark / Unlighted,1.0,5.0,0,No Roadway Departure,0,N,0.0,D,23.0,23.0,M,Y,1.0,Apparently Normal,4.0,0,0,0,Inattention,Other Distraction Inside Vehicle,0,0,0,0,0,0,0,0,0,0,0,0,0,0,0,0,0,0,0,0,0,0,0,0,1,0,0,0,0,0,0,0,0,0,0,1,0
300434056,Craig,northern,I-44,Turnpike Interstate,0,0.0,5.0,non_incapacitating_injury,1.0,0,0.0,1.0,0.0,F-O DITCH,FIXED-OBJECT,36.52168985,-95.25768554,2019,2019-09-20,12.48,1,1,Y,       ,N,N,0,Rain,Daylight,2.0,20.0,0,Roadway Departure Right,0,N,0.0,D,10.0,44.0,M,Y,3.0,Apparently Normal,4.0,0,0,0,Inattention,Other,0,0,0,0,0,0,0,0,0,0,0,0,0,0,0,0,0,0,0,0,0,0,0,0,1,0,0,0,0,0,0,0,0,0,1,0,0
300434063,Sequoyah,southern,US-59,US Route,0,1.0,0.0,property_damage,0.0,0,0.0,0.0,0.0,REAR-END,REAR-END,35.36922634,-94.7904007,2019,2019-09-30,12.06,2,0,N,       ,N,N,0,Clear,Daylight,1.0,5.0,0,No Roadway Departure,0,N,0.0,D,4.0,20.0,M,Y,1.0,Apparently Normal,1.0,0,0,0,Inattention,Other Distraction Inside Vehicle,0,0,0,0,0,0,0,0,0,0,0,0,0,0,0,0,0,0,0,0,0,0,0,0,1,0,0,0,0,0,0,0,0,0,0,0,0
300434093,Delaware,northern,US-59,US Route,0,76.0,0.0,non_incapacitating_injury,1.0,0,0.0,1.0,0.0,HEAD-ON,HEAD-ON,36.4708872,-94.78215016,2019,2019-09-28,15.34,2,0,N,       ,N,N,0,Clear,Daylight,1.0,18.0,0,Roadway Departure Right,1,N,0.0,D,1.0,18.0,F,Y,1.0,Apparently Normal,4.0,0,1,0,Inattention,Other,0,0,0,0,0,0,0,0,0,0,0,0,0,0,0,0,0,0,0,0,0,0,0,0,1,0,0,0,0,0,0,0,0,0,0,0,0
300434233,Tulsa,northern,US-75,US Route,0,0.0,0.0,possible_injury,0.0,0,0.0,0.0,2.0,REAR-END,REAR-END,36.25114278,-95.92993761,2019,2019-10-01,5.48,2,0,N,       ,N,N,0,Clear,Dark / Unlighted,1.0,3.0,0,No Roadway Departure,0,N,0.0,D,4.0,38.0,M,Y,2.0,Sleepy,4.0,0,0,1,Inattention,Other,0,0,0,0,0,0,0,0,0,0,0,0,0,0,0,0,0,0,0,0,0,0,0,0,1,0,0,0,0,0,0,0,0,0,0,1,0
300434335,Delaware,northern,US-59,US Route,0,0.0,0.0,non_incapacitating_injury,2.0,0,0.0,2.0,0.0,F-O CULVERT,FIXED-OBJECT,36.39627454,-94.81887482,2019,2019-10-01,7.09,1,0,N,       ,N,N,0,Clear,Daylight,1.0,20.0,0,Roadway Departure Right,0,N,0.0,D,1.0,23.0,M,Y,3.0,Apparently Normal,4.0,0,0,0,Inattention,Other Distraction Inside Vehicle,0,0,0,0,0,0,0,0,0,0,0,0,0,0,0,0,0,0,0,0,0,0,0,0,1,0,0,0,0,0,0,0,0,0,0,0,0
300434429,Sequoyah,southern,I-40,Interstate,0,0.0,0.0,property_damage,0.0,0,0.0,0.0,0.0,F-O TRAFF-SIGN,FIXED-OBJECT,35.45399157,-94.87035663,2019,2019-10-01,18.02,1,0,N,       ,N,N,0,Clear,Daylight,1.0,20.0,0,Roadway Departure Right,0,N,0.0,D,2.0,23.0,F,Y,1.0,Apparently Normal,4.0,0,0,0,Inattention,Other,0,0,0,0,0,0,0,0,0,0,0,0,0,0,0,0,0,0,0,0,0,0,0,0,1,0,0,0,0,0,0,0,0,0,0,0,0
300434430,Sequoyah,southern,,County Road,0,0.0,0.0,possible_injury,0.0,0,0.0,0.0,1.0,ROLLOVER,ROLLOVER,35.5491,-94.8018,2019,2019-10-01,16.02,1,0,N,       ,N,N,0,Clear,Daylight,1.0,20.0,0,Roadway Departure Right,0,N,0.0,D,2.0,21.0,M,Y,2.0,Very Tired,4.0,0,0,1,Inattention,Other,0,0,0,0,0,0,0,0,0,0,0,0,0,0,0,0,0,0,0,0,0,0,0,0,1,0,0,0,0,0,0,0,0,0,0,0,0
300434448,Muskogee,southern,MUSTPK,Turnpike,0,17.0,8.0,property_damage,0.0,0,0.0,0.0,0.0,F-O IMPACT-ATTEN,FIXED-OBJECT,35.66266591,-95.30861599,2019,2019-09-21,18.44,1,1,N,       ,N,N,0,Fog/Smoke,Daylight,1.0,33.0,0,Fixed Object,0,N,0.0,D,10.0,23.0,M,Y,1.0,Apparently Normal,4.0,0,0,0,Inattention,Distraction from Outside Vehicle,0,0,0,0,0,0,0,0,0,0,0,0,0,0,0,0,0,0,0,0,0,0,0,0,1,0,0,0,0,0,0,0,0,0,1,0,0
300434630,Washington,northern,US-75,US Route,1,0.0,0.0,incapacitating_injury,3.0,0,3.0,0.0,1.0,REAR-END,REAR-END,36.85847975,-95.93520763,2019,2019-09-30,16.43,3,0,N,       ,N,N,0,Cloudy,Daylight,1.0,5.0,0,Roadway Departure Right,0,N,0.0,D,20.0,50.0,M,Y,4.0,Apparently Normal,4.0,0,0,0,Inattention,Other,0,0,0,0,0,0,0,0,0,0,0,0,0,0,0,0,0,0,0,0,0,0,0,0,1,0,0,0,0,0,0,0,0,0,0,0,0
300434820,Tulsa,northern,SH-11,State Highway,0,1.0,0.0,possible_injury,0.0,0,0.0,0.0,2.0,ANGLE-TURNING,ANGLE-TURNING,36.37302343,-95.99138544,2019,2019-09-26,18.33,2,0,N,       ,N,N,0,Clear,Daylight,1.0,10.0,0,No Roadway Departure,0,N,0.0,D,21.0,16.0,M,Y,1.0,Apparently Normal,4.0,0,1,0,Inattention,Other Distraction Inside Vehicle,0,0,0,0,0,0,0,0,0,0,0,0,0,0,0,0,0,0,0,0,0,0,0,0,1,0,0,0,0,0,0,0,0,0,0,0,0
300434836,Cherokee,southern,,County Road,0,0.0,0.0,non_incapacitating_injury,1.0,0,0.0,1.0,0.0,F-O TREE,FIXED-OBJECT,35.9733,-94.9552,2019,2019-09-28,23.07,1,0,N,       ,N,N,0,Clear,Dark / Unlighted,1.0,19.0,0,Roadway Departure Left,0,N,0.0,D,2.0,22.0,F,Y,3.0,Apparently Normal,4.0,0,0,0,Inattention,Other Distraction Inside Vehicle,0,0,0,0,0,0,0,0,0,0,0,0,0,0,0,0,0,0,0,0,0,0,0,0,1,0,0,0,0,0,0,0,0,0,0,1,0
300434859,Mayes,northern,I-44,Interstate,0,0.0,5.0,non_incapacitating_injury,1.0,0,0.0,1.0,0.0,F-O BARR-CONCRETE,FIXED-OBJECT,36.49661078,-95.28917214,2019,2019-09-16,13.46,1,1,Y,       ,N,N,0,Clear,Daylight,1.0,20.0,0,Roadway Departure Right,0,N,0.0,D,6.0,51.0,M,Y,3.0,Apparently Normal,4.0,0,0,0,Inattention,Distraction from Outside Vehicle,0,0,0,0,0,0,0,0,0,0,0,0,0,0,0,0,0,0,0,0,0,0,0,0,1,0,0,0,0,0,0,0,0,0,0,0,0
300434863,Tulsa,tulsa,,City Street,7,0.0,0.0,possible_injury,0.0,0,0.0,0.0,1.0,F-O FENCE,FIXED-OBJECT,36.16946919,-95.9581678,2019,2019-10-02,21.0,1,0,N,       ,N,N,0,Clear,Dark / Unlighted,1.0,20.0,0,Fixed Object,0,N,0.0,D,20.0,35.0,F,Y,2.0,Apparently Normal,4.0,0,0,0,Inattention,Other Distraction Inside Vehicle,0,0,0,0,0,0,0,0,0,0,0,0,0,0,0,0,0,0,0,0,0,0,0,0,1,0,0,0,0,0,0,0,0,0,0,1,0
300434877,Rogers,northern,,County Road,0,80.0,99.0,property_damage,0.0,0,0.0,0.0,0.0,REAR-END,REAR-END,36.3135,-95.5274,2019,2019-09-28,0.21,2,0,N,       ,N,N,0,Cloudy,Dark / Unlighted,1.0,3.0,0,No Roadway Departure,0,Y,0.0,D,2.0,33.0,M,Y,1.0,Apparently Normal,4.0,0,0,0,Inattention,Other,0,0,0,0,0,0,0,0,0,0,0,0,0,0,0,0,0,0,0,0,0,0,0,0,1,0,0,0,0,0,0,0,0,0,0,1,0
300434912,Mayes,northern,,County Road,0,80.0,99.0,property_damage,0.0,0,0.0,0.0,0.0,F-O TREE,FIXED-OBJECT,36.3892,-95.1666,2019,2019-10-02,21.06,1,0,N,       ,N,N,0,Clear,Dark / Unlighted,1.0,20.0,0,Roadway Departure Right,0,N,0.0,D,4.0,34.0,M,Y,1.0,Sleepy,4.0,0,0,1,Inattention,Other,0,0,0,0,0,0,0,0,0,0,0,0,0,0,0,0,0,0,0,0,0,0,0,0,1,0,0,0,0,0,0,0,0,0,0,1,0
300434939,Rogers,northern,,County Road,0,0.0,0.0,non_incapacitating_injury,1.0,0,0.0,1.0,0.0,F-O DITCH,FIXED-OBJECT,36.3375,-95.4714,2019,2019-10-03,17.45,1,0,N,       ,N,N,0,Cloudy,Daylight,1.0,20.0,0,Roadway Departure Right,0,N,0.0,D,15.0,53.0,M,Y,3.0,Apparently Normal,1.0,0,0,0,Inattention,Other Distraction Inside Vehicle,0,0,0,0,0,0,0,0,0,0,0,0,0,0,0,0,0,0,0,0,0,0,0,0,1,0,0,0,0,0,0,0,0,0,0,0,0
300435028,Adair,southern,US-62,US Route,0,0.0,0.0,property_damage,0.0,0,0.0,0.0,0.0,F-O FENCE,FIXED-OBJECT,35.98801416,-94.65306962,2019,2019-10-04,22.47,1,0,N,       ,Y,N,1,Clear,Dark / Unlighted,1.0,20.0,0,Roadway Departure Right,0,N,0.0,D,2.0,59.0,M,Y,1.0,Odor of Alcohol Beverage,4.0,0,0,0,Inattention,Other Distraction Inside Vehicle,0,0,0,0,0,0,0,0,0,0,0,0,0,0,0,0,0,0,0,0,0,0,0,0,1,0,0,0,0,0,0,0,0,0,0,1,0
300435306,Rogers,northern,I-44,Interstate,0,5.0,0.0,property_damage,0.0,0,0.0,0.0,0.0,REAR-END,REAR-END,36.16242077,-95.79504182,2019,2019-09-24,7.41,2,0,Y,       ,N,N,0,Severe Crosswind,Daylight,1.0,3.0,0,No Roadway Departure,0,N,0.0,D,2.0,19.0,F,Y,1.0,Apparently Normal,4.0,0,1,0,Inattention,Other,0,0,0,0,0,0,0,0,0,0,0,0,0,0,0,0,0,0,0,0,0,0,0,0,1,0,0,0,0,0,0,0,0,0,1,0,0
300435535,Cherokee,southern,SH-100,State Highway,1,0.0,0.0,property_damage,0.0,0,0.0,0.0,0.0,ANGLE-TURNING,ANGLE-TURNING,35.76394513,-94.88378893,2019,2019-10-09,15.57,2,0,N,       ,N,N,0,Clear,Daylight,1.0,11.0,0,No Roadway Departure,0,N,0.0,D,20.0,31.0,M,Y,1.0,Apparently Normal,4.0,0,0,0,Inattention,Distracted by Passenger in Vehicle,0,0,0,0,0,0,0,0,0,0,0,0,0,0,0,0,0,0,0,0,0,0,0,0,1,0,0,0,0,0,0,0,0,0,0,0,0
300435639,Craig,northern,I-44,Turnpike Interstate,0,0.0,0.0,property_damage,0.0,0,0.0,0.0,0.0,REAR-END,REAR-END,36.67621247,-95.05338386,2019,2019-08-27,18.38,3,2,N,       ,N,N,0,Cloudy,Daylight,1.0,3.0,0,Roadway Departure Right,0,N,0.0,D,10.0,50.0,M,Y,1.0,Apparently Normal,4.0,0,0,0,Inattention,Other Distraction Inside Vehicle,0,0,0,0,0,0,0,0,0,0,0,0,0,0,0,0,0,0,0,0,0,0,0,0,1,0,0,0,0,0,0,0,0,0,0,0,0
300435644,Tulsa,northern,US-75,US Route,1,35.0,0.0,property_damage,0.0,0,0.0,0.0,0.0,REAR-END,REAR-END,36.32224984,-95.92388433,2019,2019-10-02,17.25,2,0,N,       ,N,N,0,Cloudy,Daylight,1.0,5.0,0,No Roadway Departure,0,N,0.0,D,20.0,35.0,M,Y,1.0,Apparently Normal,4.0,0,0,0,Inattention,Distraction from Outside Vehicle,0,0,0,0,0,0,0,0,0,0,0,0,0,0,0,0,0,0,0,0,0,0,0,0,1,0,0,0,0,0,0,0,0,0,0,0,0
300435649,Delaware,northern,SH-20,State Highway,1,0.0,0.0,property_damage,0.0,0,0.0,0.0,0.0,REAR-END,REAR-END,36.41259957,-94.71482334,2019,2019-10-02,22.25,2,0,N,       ,N,N,0,Clear,Dark / Unlighted,1.0,5.0,0,Roadway Departure Left,0,Y,0.0,D,2.0,0.0,9,Y,1.0,Unknown,99.0,0,0,0,Inattention,Other,0,0,0,0,0,0,0,0,0,0,0,0,0,0,0,0,0,0,0,0,0,0,0,0,1,0,0,0,0,0,0,0,0,0,0,1,0
300435933,Mayes,northern,SH-69A,State Highway,1,0.0,0.0,property_damage,0.0,0,0.0,0.0,0.0,F-O EMBANKMENT,FIXED-OBJECT,36.24868121,-95.3150412,2019,2019-10-09,21.53,1,0,N,       ,N,N,0,Clear,Dark / Unlighted,1.0,20.0,0,Roadway Departure Right,0,N,0.0,D,2.0,52.0,M,Y,1.0,Apparently Normal,4.0,0,0,0,Inattention,Other Distraction Inside Vehicle,0,0,0,0,0,0,0,0,0,0,0,0,0,0,0,0,0,0,0,0,0,0,0,0,1,0,0,0,0,0,0,0,0,0,0,1,0
300436039,Tulsa,tulsa,,City Street,1,80.0,99.0,property_damage,0.0,0,0.0,0.0,0.0,RIGHT-ANGLE,RIGHT-ANGLE,36.1633331,-95.8867486,2019,2019-10-13,22.06,2,0,N,       ,N,N,0,Clear,Dark / Lighted,1.0,1.0,0,No Roadway Departure,0,Y,0.0,D,4.0,0.0,9,Y,1.0,Unknown,99.0,0,0,0,Inattention,Other,0,0,0,0,0,0,0,0,0,0,0,0,0,0,0,0,0,0,0,0,0,0,0,0,1,0,0,0,0,0,0,0,0,0,0,0,0
300436060,Delaware,northern,,County Road,0,0.0,0.0,non_incapacitating_injury,1.0,0,0.0,1.0,0.0,F-O DITCH,FIXED-OBJECT,36.4524,-94.7478,2019,2019-10-13,15.32,1,0,N,       ,N,N,0,Clear,Daylight,1.0,20.0,0,Roadway Departure Right,0,N,0.0,D,16.0,21.0,M,Y,3.0,Apparently Normal,1.0,0,0,0,Inattention,Distraction from Outside Vehicle,0,0,0,0,0,0,0,0,0,0,0,0,0,0,0,0,0,0,0,0,0,0,0,0,1,0,0,0,0,0,0,0,0,0,0,0,0
300436191,Tulsa,tulsa,I-244,Interstate,0,0.0,0.0,possible_injury,0.0,0,0.0,0.0,2.0,REAR-END,REAR-END,36.16156558,-95.98916117,2019,2019-09-30,6.56,2,0,N,       ,N,N,0,Clear,Daylight,1.0,3.0,0,No Roadway Departure,0,N,0.0,D,20.0,61.0,F,Y,2.0,Apparently Normal,4.0,0,0,0,Inattention,Distraction from Outside Vehicle,0,0,0,0,0,0,0,0,0,0,0,0,0,0,0,0,0,0,0,0,0,0,0,0,1,0,0,0,0,0,0,0,0,0,0,0,0
300436259,Tulsa,tulsa,,City Street,7,99.0,80.0,property_damage,0.0,0,0.0,0.0,0.0,OTHER,OTHER,36.17681449,-95.9116944,2019,2019-10-12,14.58,4,0,N,       ,N,N,0,Clear,Daylight,1.0,35.0,0,No Roadway Departure,0,N,0.0,D,4.0,74.0,M,Y,1.0,Apparently Normal,4.0,1,0,0,Inattention,Distraction from Outside Vehicle,0,0,0,0,0,0,0,0,0,0,0,0,0,0,0,0,0,0,0,0,0,0,0,0,1,0,0,0,0,0,0,0,0,0,0,0,0
300436494,Cherokee,southern,SH-82,State Highway,0,0.0,0.0,property_damage,0.0,0,0.0,0.0,0.0,F-O FENCE,FIXED-OBJECT,35.79596302,-94.96580079,2019,2019-10-12,17.51,1,0,N,       ,N,N,0,Clear,Daylight,1.0,20.0,0,Roadway Departure Right,0,N,0.0,D,2.0,60.0,F,Y,1.0,Apparently Normal,4.0,0,0,0,Inattention,Other,0,0,0,0,0,0,0,0,0,0,0,0,0,0,0,0,0,0,0,0,0,0,0,0,1,0,0,0,0,0,0,0,0,0,0,0,0
300436507,Tulsa,tulsa,US-75,US Route,0,0.0,0.0,property_damage,0.0,0,0.0,0.0,0.0,F-O TRAFF-SIGN,FIXED-OBJECT,36.2173874,-95.94422932,2019,2019-10-15,11.5,1,0,N,       ,N,N,0,Rain,Daylight,2.0,19.0,0,Roadway Departure Left,1,N,0.0,D,20.0,78.0,F,Y,1.0,Apparently Normal,4.0,1,0,0,Inattention,Other Distraction Inside Vehicle,0,0,0,0,0,0,0,0,0,0,0,0,0,0,0,0,0,0,0,0,0,0,0,0,1,0,0,0,0,0,0,0,0,0,1,0,0
300436658,Washington,northern,,County Road,1,0.0,0.0,non_incapacitating_injury,1.0,0,0.0,1.0,0.0,F-O TREE,FIXED-OBJECT,36.4237,-95.986,2019,2019-10-09,20.55,1,0,N,       ,N,N,0,Cloudy,Dark / Unlighted,1.0,41.0,0,Roadway Departure Left,0,N,0.0,D,2.0,18.0,F,Y,3.0,Apparently Normal,4.0,0,1,0,Inattention,Distraction from Outside Vehicle,0,0,0,0,0,0,0,0,0,0,0,0,0,0,0,0,0,0,0,0,0,0,0,0,1,0,0,0,0,0,0,0,0,0,0,1,0
300436777,Tulsa,tulsa,I-244,Interstate,0,0.0,0.0,possible_injury,0.0,0,0.0,0.0,1.0,F-O BARR-CONCRETE,FIXED-OBJECT,36.16183755,-95.8935789,2019,2019-10-10,9.23,1,0,N,       ,N,N,0,Cloudy,Daylight,1.0,19.0,0,Roadway Departure Left,1,N,0.0,D,1.0,38.0,F,Y,2.0,Apparently Normal,4.0,0,0,0,Inattention,Other,0,0,0,0,0,0,0,0,0,0,0,0,0,0,0,0,0,0,0,0,0,0,0,0,1,0,0,0,0,0,0,0,0,0,0,0,0
300436853,Delaware,northern,,County Road,0,0.0,0.0,non_incapacitating_injury,1.0,0,0.0,1.0,0.0,F-O TREE,FIXED-OBJECT,36.4715,-94.9166,2019,2019-10-16,17.51,1,0,N,       ,N,N,0,Clear,Daylight,1.0,20.0,0,Roadway Departure Right,0,N,0.0,D,2.0,19.0,F,Y,3.0,Apparently Normal,4.0,0,1,0,Inattention,Other Distraction Inside Vehicle,0,0,0,0,0,0,0,0,0,0,0,0,0,0,0,0,0,0,0,0,0,0,0,0,1,0,0,0,0,0,0,0,0,0,0,0,0
300436871,Ottawa,northern,I-44,Turnpike Interstate,0,0.0,0.0,property_damage,0.0,0,0.0,0.0,0.0,F-O DITCH,FIXED-OBJECT,36.70396843,-94.98567769,2019,2019-10-06,9.28,1,1,N,       ,N,N,0,Rain,Daylight,2.0,20.0,0,Roadway Departure Right,0,N,0.0,D,10.0,32.0,M,Y,1.0,Apparently Normal,4.0,0,0,0,Inattention,Other,0,0,0,0,0,0,0,0,0,0,0,0,0,0,0,0,0,0,0,0,0,0,0,0,1,0,0,0,0,0,0,0,0,0,1,0,0
300436999,Nowata,northern,SH-10,State Highway,0,0.0,0.0,property_damage,0.0,0,0.0,0.0,0.0,F-O GUARDRL-END,FIXED-OBJECT,36.91653893,-95.63834105,2019,2019-10-18,12.55,1,1,N,       ,N,N,0,Clear,Daylight,1.0,20.0,0,Fixed Object,0,N,0.0,D,10.0,43.0,M,Y,1.0,Apparently Normal,4.0,0,0,0,Inattention,Distraction from Outside Vehicle,0,0,0,0,0,0,0,0,0,0,0,0,0,0,0,0,0,0,0,0,0,0,0,0,1,0,0,0,0,0,0,0,0,0,0,0,0